#
# TABLE STRUCTURE FOR: authors
#

INSERT INTO `authors` (`id`, `description`, `name`, `photo`, `slug`) VALUES (1, 'Saepe minus assumenda consequatur quia. Quod ipsum hic libero. Minima amet voluptas dolores reiciendis. Eligendi assumenda dolorum dolorem omnis est.', 'Дарья Алексеевич Макаров', 'tmp//0771bfe96fe4683a6af618433e2bf2d3.jpg', '105 lp');
INSERT INTO `authors` (`id`, `description`, `name`, `photo`, `slug`) VALUES (2, 'Eos veniam rerum illum dolor id et blanditiis. Voluptatem quia inventore animi delectus voluptas dolore corrupti aut. Ut iusto et sunt.', 'валериан Сергеевич Воронцов', 'tmp//37af0eaeba6eb0e8e087df8ad333c7fc.jpg', '853 vx');
INSERT INTO `authors` (`id`, `description`, `name`, `photo`, `slug`) VALUES (3, 'Minus ut commodi aut voluptates molestiae aut suscipit. Facere minus sit velit asperiores at amet eos. Temporibus aut id praesentium blanditiis natus et dolore.', 'Ярослава Алексеевич Соколов', 'tmp//7f6d65a3551905748324847bff4f36d6.jpg', '889 yo');
INSERT INTO `authors` (`id`, `description`, `name`, `photo`, `slug`) VALUES (4, 'Accusamus accusantium rerum fugit distinctio. Iusto excepturi aspernatur fugiat eum. Ducimus sit qui eum blanditiis deserunt. Asperiores delectus quos quidem consequatur.', 'Анжелика Евгеньевич Лаврентьев', 'tmp//336fd3e7b09f4e10b63e812f21d62bef.jpg', '581 bw');
INSERT INTO `authors` (`id`, `description`, `name`, `photo`, `slug`) VALUES (5, 'Ad harum vel iure reprehenderit voluptatibus necessitatibus quo. Voluptatum expedita et molestiae enim. Asperiores nihil non et aperiam.', 'Кирилл Сергеевич Абрамов', 'tmp//21bdfa444858b1caef405b2eb048ee9f.jpg', '100 sq');
INSERT INTO `authors` (`id`, `description`, `name`, `photo`, `slug`) VALUES (6, 'Impedit quia quibusdam itaque dolor. Possimus porro unde eveniet aperiam culpa. Ab eum atque sunt quod pariatur. Accusamus amet quia magnam sint sequi.', 'мирослав Евгеньевич Афанасьев', 'tmp//c0a210343fc1100aee3a0da209c5f1c2.jpg', '895 dz');
INSERT INTO `authors` (`id`, `description`, `name`, `photo`, `slug`) VALUES (7, 'Accusantium doloribus corrupti repudiandae corrupti minima ipsum. Ratione odio ad quam nemo omnis. Eligendi tenetur numquam officiis veniam sed qui.', 'радислав Борисович Коновалов', 'tmp//355da99e85c81de01c902ad518c1a9cf.jpg', '375 lx');
INSERT INTO `authors` (`id`, `description`, `name`, `photo`, `slug`) VALUES (8, 'Et delectus necessitatibus praesentium ut et. Voluptas velit in aperiam non voluptatem esse. Alias sed et et odit omnis eius eum nobis.', 'Ефремов Рада Евгеньевич', 'tmp//347ccefb4c5ad3c9f0dc976ff1f6f4b9.jpg', '195 kc');
INSERT INTO `authors` (`id`, `description`, `name`, `photo`, `slug`) VALUES (9, 'Molestiae accusamus amet perferendis et aliquam. Consequatur sit aliquid quis omnis quia. Alias cum recusandae sequi quia qui. Porro aut eos aspernatur ut animi ea quia est.', 'Мамонтов Алексей Евгеньевич', 'tmp//4881c535a7b020b306d366b814ce4dfd.jpg', '742 mm');
INSERT INTO `authors` (`id`, `description`, `name`, `photo`, `slug`) VALUES (10, 'Ab expedita consectetur sit voluptas. Mollitia aliquid rerum eum est deleniti impedit. Libero qui est dolores saepe vel quia. Id nisi ea beatae molestias esse dolorem veritatis.', 'Виктор Владимирович Суханов', 'tmp//d9db24400c78c9d238d4e0b5a24d7991.jpg', '784 du');
INSERT INTO `authors` (`id`, `description`, `name`, `photo`, `slug`) VALUES (11, 'Provident hic dolorem corporis. Et fuga voluptatem magnam voluptatem enim aut nobis.', 'Борисов георгий Максимович', 'tmp//570e9cba19a95137f8cc9890d4b60dfa.jpg', '001 yu');
INSERT INTO `authors` (`id`, `description`, `name`, `photo`, `slug`) VALUES (12, 'Quo cumque doloribus omnis minima id corrupti. Quos nisi nesciunt consequatur necessitatibus omnis. Nam est omnis autem sint nihil. Sed corporis consequatur cupiditate. Perspiciatis corrupti aliquam omnis.', 'Марта Андреевич Игнатов', 'tmp//63d4c72bac8da2b4a6fcdf6acf05b09f.jpg', '949 kj');
INSERT INTO `authors` (`id`, `description`, `name`, `photo`, `slug`) VALUES (13, 'Aspernatur et in maiores id quasi officia magnam itaque. Sunt voluptas mollitia aut molestiae consequatur alias esse. Minus quia dolor quibusdam.', 'Веселов Светлана Фёдорович', 'tmp//78ba79ea24e22f03684c71bfff9d76f5.jpg', '987 bl');
INSERT INTO `authors` (`id`, `description`, `name`, `photo`, `slug`) VALUES (14, 'Sequi ut sequi voluptas labore. Animi sit tempore esse et accusantium quia. Maxime illo vitae suscipit voluptatem atque.', 'Быков Маргарита Максимович', 'tmp//5123c5c6997e4316666440704d2a01b4.jpg', '122 rj');
INSERT INTO `authors` (`id`, `description`, `name`, `photo`, `slug`) VALUES (15, 'Voluptates nesciunt sit ut ratione consequatur repellendus. Animi natus aliquid voluptatem ad nulla sed.', 'Галина Львович Овчинников', 'tmp//14a61adeb756857c8d1d06e8f4859041.jpg', '452 es');
INSERT INTO `authors` (`id`, `description`, `name`, `photo`, `slug`) VALUES (16, 'Ipsam rerum neque mollitia quo nam atque. Quisquam ullam tempora sed fuga ea esse. Repellendus architecto dolores rerum officia qui ab. Quo sit non explicabo nihil ullam est.', 'Князев Ульяна Максимович', 'tmp//92105db01fa85cd7291a1ee7222c67bf.jpg', '985 uy');
INSERT INTO `authors` (`id`, `description`, `name`, `photo`, `slug`) VALUES (17, 'Ut iste praesentium adipisci omnis omnis consectetur quos esse. Ex aut aut ut repellendus debitis quia nobis. Voluptatem quaerat fugiat consequatur aut est. Praesentium qui quo voluptatem soluta. Deserunt officiis ut nostrum quae molestiae earum ratione.', 'Валентина Максимович Зиновьев', 'tmp//645e6104e7e122809a9a26b0387e7ec9.jpg', '016 bl');
INSERT INTO `authors` (`id`, `description`, `name`, `photo`, `slug`) VALUES (18, 'Totam earum sed et suscipit. Laborum molestias alias officiis architecto autem maiores. Voluptates placeat occaecati eveniet. Magnam magnam accusantium et exercitationem.', 'Кузьма Романович Борисов', 'tmp//0ec75a1f74ee59dc1a0f0804e0f10b05.jpg', '231 we');
INSERT INTO `authors` (`id`, `description`, `name`, `photo`, `slug`) VALUES (19, 'Aliquam debitis molestiae rerum eos dignissimos. Officia possimus et accusantium quia. Quaerat nemo totam incidunt ea. Repellendus odit quasi consequatur quae vitae a.', 'Любовь Романович Самойлов', 'tmp//566e47cd88a75ccf8bdb6144cec75ac7.jpg', '327 ky');
INSERT INTO `authors` (`id`, `description`, `name`, `photo`, `slug`) VALUES (20, 'Sed aut rerum est autem. Adipisci est quaerat commodi nulla ducimus qui quasi. Earum similique rerum sit fugit officia. Et animi quas consequatur eius. Fugiat eaque quaerat est.', 'Носов степан Максимович', 'tmp//480e8d16b7755ef2d49c748915be0081.jpg', '118 ei');


#
# TABLE STRUCTURE FOR: users
#


INSERT INTO `users` (`id`, `balance`, `hash`, `name`, `reg_time`, `user_id`) VALUES (1, 14799, '80bce5ed4a978d3cbd4ca9159625e730e32b39e3', 'Адам Владимирович Лихачёв', '2019-03-16 11:38:48', NULL);
INSERT INTO `users` (`id`, `balance`, `hash`, `name`, `reg_time`, `user_id`) VALUES (2, 0, 'e76f7735e8413fd08111ccbe9181a2a4f2abe6f6', 'Селезнёв Валерия Евгеньевич', '2019-10-01 22:21:09', NULL);
INSERT INTO `users` (`id`, `balance`, `hash`, `name`, `reg_time`, `user_id`) VALUES (3, 0, '781a86fe0a0828097ac9cba041ce043b3ce7b208', 'Дьячков геннадий Львович', '2020-11-12 13:03:12', NULL);
INSERT INTO `users` (`id`, `balance`, `hash`, `name`, `reg_time`, `user_id`) VALUES (4, 61953, 'bc75385ebaa67be7cc4ecf22d2f62094065d5d5d', 'Трофимов Глеб Евгеньевич', '2020-07-04 14:42:34', NULL);
INSERT INTO `users` (`id`, `balance`, `hash`, `name`, `reg_time`, `user_id`) VALUES (5, 0, '7480e99571f8c5511bef09aa3906bb58c796dfc5', 'Василиса Андреевич Борисов', '2021-11-14 21:20:52', NULL);
INSERT INTO `users` (`id`, `balance`, `hash`, `name`, `reg_time`, `user_id`) VALUES (6, 0, '7c9e0d65dceb6af9987109d262458c3433fb79bb', 'Исаков Люся Романович', '2023-05-29 20:00:44', NULL);
INSERT INTO `users` (`id`, `balance`, `hash`, `name`, `reg_time`, `user_id`) VALUES (7, 0, '9be19ea3de45ba24862a09e518c40e30280a009a', 'Петухов Владимир Сергеевич', '2019-12-21 05:54:33', NULL);
INSERT INTO `users` (`id`, `balance`, `hash`, `name`, `reg_time`, `user_id`) VALUES (8, 0, '666dbc2360f9cebed25468e3047023659e155022', 'Меркушев Юлий Фёдорович', '2019-09-16 11:42:59', NULL);
INSERT INTO `users` (`id`, `balance`, `hash`, `name`, `reg_time`, `user_id`) VALUES (9, 0, '99fdc3cfe0ffd92c9800c40449045325fd04fde5', 'Илья Владимирович Карпов', '2021-12-24 17:34:01', NULL);
INSERT INTO `users` (`id`, `balance`, `hash`, `name`, `reg_time`, `user_id`) VALUES (10, 0, '09ce5435c4aa83dbf0768750017f5473f040dc6f', 'Матвеев Сава Максимович', '2023-09-15 22:15:01', NULL);
INSERT INTO `users` (`id`, `balance`, `hash`, `name`, `reg_time`, `user_id`) VALUES (11, 0, '54551cebfa9624d25c3c5a9b60b9d7e461f004e1', 'Доронин герман Львович', '2021-06-03 20:19:30', NULL);
INSERT INTO `users` (`id`, `balance`, `hash`, `name`, `reg_time`, `user_id`) VALUES (12, 17678, '7918d4a8b0d6ab14dfb0dc90cb12055e8c3a8fef', 'Анатолий Львович Жуков', '2022-08-01 15:41:15', NULL);
INSERT INTO `users` (`id`, `balance`, `hash`, `name`, `reg_time`, `user_id`) VALUES (13, 0, 'f860f98b12aae877caa287ddc5ed9044dbbd8064', 'Александров Яков Максимович', '2020-06-22 22:49:11', NULL);
INSERT INTO `users` (`id`, `balance`, `hash`, `name`, `reg_time`, `user_id`) VALUES (14, 0, '8954cf50295e92ba6a336545eb9a3a78bb6d1d76', 'Ева Иванович Вишняков', '2022-03-31 14:19:16', NULL);
INSERT INTO `users` (`id`, `balance`, `hash`, `name`, `reg_time`, `user_id`) VALUES (15, 36761, 'a1b7dbbb961105e3774baebcc685b93203aa6cac', 'Инна Владимирович Исаев', '2019-05-06 19:54:42', NULL);



#
# TABLE STRUCTURE FOR: genre
#


INSERT INTO `genre` (`id`, `name`, `parent_id`, `slug`) VALUES (1, 'quibusdam', NULL, '97 lf');
INSERT INTO `genre` (`id`, `name`, `parent_id`, `slug`) VALUES (2, 'quam', NULL, '34 ug');
INSERT INTO `genre` (`id`, `name`, `parent_id`, `slug`) VALUES (3, 'amet', NULL, '32 wb');
INSERT INTO `genre` (`id`, `name`, `parent_id`, `slug`) VALUES (4, 'et', NULL, '27 kf');
INSERT INTO `genre` (`id`, `name`, `parent_id`, `slug`) VALUES (5, 'voluptates', NULL, '98 bu');
INSERT INTO `genre` (`id`, `name`, `parent_id`, `slug`) VALUES (6, 'ea', NULL, '58 vq');
INSERT INTO `genre` (`id`, `name`, `parent_id`, `slug`) VALUES (7, 'impedit', NULL, '87 uo');
INSERT INTO `genre` (`id`, `name`, `parent_id`, `slug`) VALUES (8, 'corrupti', NULL, '95 ru');



#
# TABLE STRUCTURE FOR: books
#


INSERT INTO `books` (`id`, `description`, `discount`, `image`, `is_bestseller`, `price`, `price_old`, `pub_date`, `slug`, `title`) VALUES (1, 'Iure et quis dolore deleniti praesentium. Ut sint repellendus repellat dicta enim illum. Ad laboriosam commodi officiis quo voluptas.', 53, 'tmp/3ceb4f58c31ecac6352d08b33aab1659.jpg', 1, 1213, 5169, '1981-03-17 14:48:58', '83 ra', 'Magnam ut voluptatem dolorem alias accusamus aliquam placeat.');
INSERT INTO `books` (`id`, `description`, `discount`, `image`, `is_bestseller`, `price`, `price_old`, `pub_date`, `slug`, `title`) VALUES (2, 'Ut incidunt tempora sed et maiores. Est et aliquam eos reprehenderit qui. Ex beatae rerum architecto nobis eaque quaerat. Molestiae sed maiores dolor quis quia aut. Et harum enim animi ea dolores repellendus.', 0, 'tmp/2d1a1893ef22a52ad5a064f4de88b0d4.jpg', 1, 2040, 3032, '1981-01-25 18:13:27', '88 gf', 'Aut quisquam quod consectetur explicabo totam consectetur.');
INSERT INTO `books` (`id`, `description`, `discount`, `image`, `is_bestseller`, `price`, `price_old`, `pub_date`, `slug`, `title`) VALUES (3, 'Qui et aperiam id perferendis quasi est. Sint voluptates officia ut eaque. Quisquam sapiente placeat repellendus itaque harum iste.', 0, 'tmp/13c1e3d297ff83d4781bc5dca5da4d1f.jpg', 0, 2449, 3671, '2008-07-23 00:26:42', '99 ty', 'Velit harum repudiandae magni omnis.');
INSERT INTO `books` (`id`, `description`, `discount`, `image`, `is_bestseller`, `price`, `price_old`, `pub_date`, `slug`, `title`) VALUES (4, 'Eum accusamus et et animi quo officia sequi. Nobis neque numquam praesentium provident quis iusto. Facere odio porro est dolore id a.', 0, 'tmp/5b79f4ef4a458cf3bce27ae5f4e16849.jpg', 0, 527, 4260, '1976-06-16 02:10:38', '18 kf', 'Voluptatibus tenetur nesciunt molestias quam id a voluptatem.');
INSERT INTO `books` (`id`, `description`, `discount`, `image`, `is_bestseller`, `price`, `price_old`, `pub_date`, `slug`, `title`) VALUES (5, 'Quasi minus odio est rerum error iste placeat. Aut dignissimos occaecati in delectus suscipit ullam. Asperiores aut molestias explicabo. Accusantium culpa accusantium porro velit mollitia doloremque.', 70, 'tmp/c54988d7bbb3b06c93bf26b1cd35f135.jpg', 0, 1042, 5851, '1986-04-07 12:55:12', '53 gz', 'Illum suscipit voluptas dolorem iure sed.');
INSERT INTO `books` (`id`, `description`, `discount`, `image`, `is_bestseller`, `price`, `price_old`, `pub_date`, `slug`, `title`) VALUES (6, 'Numquam minima dolorum est fugiat ut sit exercitationem et. Eius ipsam consequuntur consequatur est voluptates.', 0, 'tmp/c5c05f91606d1473898f02da964dad11.jpg', 0, 2881, 4183, '1987-11-21 14:04:30', '80 sp', 'Vitae ab harum nam id maxime.');
INSERT INTO `books` (`id`, `description`, `discount`, `image`, `is_bestseller`, `price`, `price_old`, `pub_date`, `slug`, `title`) VALUES (7, 'Corrupti ut fuga quia pariatur rerum voluptas. Velit explicabo maxime expedita expedita. Dolores voluptatem et temporibus voluptatem similique ducimus omnis. Sit delectus ut sit non quod.', 0, 'tmp/77fb18820cf33731463cb2debe19c65d.jpg', 1, 1838, 4830, '2020-12-17 13:55:20', '74 nq', 'Architecto iure excepturi omnis facere laudantium.');
INSERT INTO `books` (`id`, `description`, `discount`, `image`, `is_bestseller`, `price`, `price_old`, `pub_date`, `slug`, `title`) VALUES (8, 'Adipisci perspiciatis mollitia amet enim magnam voluptatem architecto. Ut blanditiis explicabo dicta expedita assumenda qui et. Labore et eos aut hic quasi consequatur.', 52, 'tmp/d333d56a8f7c784d7114afd1fd7217b3.jpg', 0, 2802, 4864, '1994-09-12 20:41:20', '84 kv', 'Tempora veritatis alias id illum tempora.');
INSERT INTO `books` (`id`, `description`, `discount`, `image`, `is_bestseller`, `price`, `price_old`, `pub_date`, `slug`, `title`) VALUES (9, 'Rerum est hic delectus fugiat. Sed facere temporibus eos doloremque suscipit ullam error. Consectetur cum non alias commodi nemo. Ex in distinctio quos nulla labore quod omnis.', 54, 'tmp/597f529a40171f82f6b672ccb88cae17.jpg', 1, 1857, 3849, '1981-02-18 03:43:36', '34 if', 'Aperiam eos eum recusandae ut voluptate nemo.');
INSERT INTO `books` (`id`, `description`, `discount`, `image`, `is_bestseller`, `price`, `price_old`, `pub_date`, `slug`, `title`) VALUES (10, 'Et nesciunt rerum tenetur assumenda. Facilis deserunt ipsa facere eum beatae repellat distinctio. Qui dolores fugiat exercitationem neque fugit quas. Aut corrupti aperiam ratione cumque non officiis.', 45, 'tmp/943a231cd6680d95a727f92f34063c39.jpg', 0, 701, 4774, '2017-07-11 01:54:03', '40 vm', 'Omnis fugit consequatur animi nostrum.');
INSERT INTO `books` (`id`, `description`, `discount`, `image`, `is_bestseller`, `price`, `price_old`, `pub_date`, `slug`, `title`) VALUES (11, 'Quae illo soluta aperiam assumenda. Temporibus quam nostrum deleniti ipsam a modi voluptatibus. Provident porro aliquid est cupiditate ad quia voluptas. Deleniti iusto vitae rerum corrupti quidem nostrum.', 9, 'tmp/e3e0b62dc71fbef61eb463a9ee683024.jpg', 0, 2161, 3275, '1983-05-26 09:53:12', '36 cn', 'Id maxime et tempore natus.');
INSERT INTO `books` (`id`, `description`, `discount`, `image`, `is_bestseller`, `price`, `price_old`, `pub_date`, `slug`, `title`) VALUES (12, 'Dicta quaerat ut quia aperiam eligendi ducimus est. Sit porro aut vitae voluptatem hic sit sint vitae. Aut molestias ut dignissimos sed. Saepe minus possimus magni est fugiat veniam.', 70, 'tmp/e0a074c3e13943fdd92159a4f6d96949.jpg', 0, 652, 4978, '2012-04-15 13:39:44', '57 kh', 'Placeat quis sed voluptas sit doloribus et.');
INSERT INTO `books` (`id`, `description`, `discount`, `image`, `is_bestseller`, `price`, `price_old`, `pub_date`, `slug`, `title`) VALUES (13, 'Nemo illo aut fugit officia velit magnam ut ea. Similique quae ex dicta nemo. Asperiores officiis vel sit fugit. Aut expedita dolores asperiores cumque sint omnis numquam.', 42, 'tmp/40fe7ef730b371b3f0215c6a675944af.jpg', 1, 2214, 5685, '1986-05-17 16:55:26', '15 cj', 'Et officiis totam alias quam dolores.');
INSERT INTO `books` (`id`, `description`, `discount`, `image`, `is_bestseller`, `price`, `price_old`, `pub_date`, `slug`, `title`) VALUES (14, 'Sed dicta omnis deleniti quam. Molestiae cupiditate aut culpa quod. Non amet itaque alias eaque.', 31, 'tmp/a64ff2aac8302353a04fca7d27c2c8d2.jpg', 1, 2019, 5757, '1978-07-27 21:49:28', '54 iv', 'Qui similique consequatur aliquid eum sed tempora ea.');
INSERT INTO `books` (`id`, `description`, `discount`, `image`, `is_bestseller`, `price`, `price_old`, `pub_date`, `slug`, `title`) VALUES (15, 'Eius sit aspernatur sunt voluptatem dolores in fugit. Eos exercitationem magnam ipsam aut. Neque rerum ullam doloremque quo expedita impedit illum. Odit suscipit ex cupiditate aperiam dolor ratione.', 71, 'tmp/06fbb05bc018a69cd3a22661a448ad11.jpg', 0, 1146, 3787, '2006-07-06 18:17:10', '64 ll', 'Soluta cum voluptatem dicta fugit.');
INSERT INTO `books` (`id`, `description`, `discount`, `image`, `is_bestseller`, `price`, `price_old`, `pub_date`, `slug`, `title`) VALUES (16, 'Omnis earum modi optio minima magni et. Et consectetur quia enim.', 25, 'tmp/8b3c5a107d450c40f333b746031b300a.jpg', 0, 1129, 4465, '2022-12-17 03:14:58', '65 rv', 'Explicabo cumque quos similique tempora qui quam.');
INSERT INTO `books` (`id`, `description`, `discount`, `image`, `is_bestseller`, `price`, `price_old`, `pub_date`, `slug`, `title`) VALUES (17, 'Doloribus debitis est maiores dicta voluptas ex ea. Numquam ex dolores quo vel ea. Perferendis aliquid esse dignissimos pariatur. Voluptates porro eveniet laboriosam repellendus sunt doloribus.', 72, 'tmp/6e6d84e83fe9da41d6b3f2ef97638561.jpg', 1, 793, 3111, '1971-04-11 03:48:28', '53 xq', 'Voluptate molestias temporibus adipisci tempore commodi ipsam beatae.');
INSERT INTO `books` (`id`, `description`, `discount`, `image`, `is_bestseller`, `price`, `price_old`, `pub_date`, `slug`, `title`) VALUES (18, 'Aperiam laborum vitae quam atque. Laboriosam nihil unde a quam nemo est qui. Enim est repellat suscipit illo. Laborum corporis at cum dolor hic maiores.', 68, 'tmp/a5defa5914c6e13a4ae0aaee1e944f4f.jpg', 0, 1800, 5708, '1972-04-17 16:32:17', '32 eb', 'Quia aut optio ut.');
INSERT INTO `books` (`id`, `description`, `discount`, `image`, `is_bestseller`, `price`, `price_old`, `pub_date`, `slug`, `title`) VALUES (19, 'Ab quia animi nihil. Unde cum rerum et illum nobis explicabo. Et dolor voluptas quas sunt aut ex rerum et. Aut earum animi voluptas labore.', 0, 'tmp/5ed6a838a3d66b91cec8bf70f4fa9a9b.jpg', 0, 2607, 3148, '1987-06-05 17:47:54', '65 pt', 'Nam nemo repellendus rerum ad voluptatem aliquam.');
INSERT INTO `books` (`id`, `description`, `discount`, `image`, `is_bestseller`, `price`, `price_old`, `pub_date`, `slug`, `title`) VALUES (20, 'Natus ut voluptas nihil dolore illo delectus. Quia et cupiditate esse recusandae. Possimus laborum repudiandae incidunt animi. Odio excepturi asperiores eius incidunt voluptates repellendus vitae.', 13, 'tmp/792cf3d57e66b3248626aff9e741506c.jpg', 1, 1166, 3601, '1984-11-24 17:51:47', '56 ze', 'Porro nulla ut qui atque praesentium et.');
INSERT INTO `books` (`id`, `description`, `discount`, `image`, `is_bestseller`, `price`, `price_old`, `pub_date`, `slug`, `title`) VALUES (21, 'Ut ut corporis corporis rerum commodi rerum ducimus. Optio fugit enim eveniet maiores alias non. Totam quo ex quia. Autem ab et fugit consequatur.', 59, 'tmp/47a985806b561dbf8e04a5427ce3d777.jpg', 0, 2039, 5400, '2019-12-31 06:11:17', '74 aa', 'Corporis recusandae ratione facere cumque sapiente.');
INSERT INTO `books` (`id`, `description`, `discount`, `image`, `is_bestseller`, `price`, `price_old`, `pub_date`, `slug`, `title`) VALUES (22, 'Velit sit cum rem perferendis expedita nihil. Est placeat nemo aperiam vero aut minima incidunt. Nulla corrupti velit voluptatem et dolores et.', 20, 'tmp/38895df57544f6891ef64160cf7b2852.jpg', 0, 1124, 3910, '1977-02-08 08:46:03', '27 ym', 'Non velit et rerum veritatis corrupti.');
INSERT INTO `books` (`id`, `description`, `discount`, `image`, `is_bestseller`, `price`, `price_old`, `pub_date`, `slug`, `title`) VALUES (23, 'Rerum cumque sed dolorem accusantium nihil. Repellat enim magnam omnis quia et. Et consequatur ut nobis id illo.', 45, 'tmp/f4a95844104e109a3241ced63a62450f.jpg', 0, 2387, 4395, '1987-12-03 09:11:32', '79 ua', 'Ipsam eos consequatur exercitationem dolores beatae.');
INSERT INTO `books` (`id`, `description`, `discount`, `image`, `is_bestseller`, `price`, `price_old`, `pub_date`, `slug`, `title`) VALUES (24, 'Facere est quia numquam. Consequatur est non tempore doloremque qui commodi corporis. Inventore voluptatem molestiae quia dolor occaecati est. Itaque non qui quia.', 0, 'tmp/bb27d209e9a39c9c2000c8dcd94ad17b.jpg', 0, 949, 3097, '1978-10-25 22:20:53', '46 pg', 'Voluptatem fugit aut fugit at et et.');
INSERT INTO `books` (`id`, `description`, `discount`, `image`, `is_bestseller`, `price`, `price_old`, `pub_date`, `slug`, `title`) VALUES (25, 'Occaecati itaque enim quas eos in. Neque debitis autem omnis dolorum velit qui quo. Autem sit dolorem temporibus fugiat ut non sint ad.', 0, 'tmp/2d570eee399b619890ede8c702205c7d.jpg', 1, 1942, 3311, '2011-01-23 16:40:22', '81 kh', 'Labore facilis eos voluptatem et numquam nobis veniam.');
INSERT INTO `books` (`id`, `description`, `discount`, `image`, `is_bestseller`, `price`, `price_old`, `pub_date`, `slug`, `title`) VALUES (26, 'Suscipit pariatur animi quo dolores voluptas ex quibusdam. Reiciendis beatae in libero. Omnis sit molestias maiores numquam sed et.', 0, 'tmp/d67fd52f0b00766beaad46cbaeb6444e.jpg', 1, 1635, 3225, '2004-10-29 21:43:14', '90 eo', 'Libero est ad totam aliquid quas quasi.');
INSERT INTO `books` (`id`, `description`, `discount`, `image`, `is_bestseller`, `price`, `price_old`, `pub_date`, `slug`, `title`) VALUES (27, 'Repellendus aut dolorem impedit. Natus quia consectetur inventore exercitationem vitae. Deleniti eum quis consequatur quidem natus quibusdam et consequuntur.', 24, 'tmp/44972da768564a11add6a979f5601b71.jpg', 0, 2850, 4209, '1986-11-16 17:46:57', '81 zg', 'Fuga consequatur optio corporis deserunt ut totam optio.');
INSERT INTO `books` (`id`, `description`, `discount`, `image`, `is_bestseller`, `price`, `price_old`, `pub_date`, `slug`, `title`) VALUES (28, 'Et deserunt vero aspernatur. Et nulla asperiores numquam. Sunt et quia sint. Ullam aut ipsa expedita quis soluta.', 0, 'tmp/a2efefcb9302112694c68d65d57c3aa9.jpg', 0, 2552, 4234, '1972-12-28 06:13:40', '53 lf', 'Officia illum et incidunt vel nesciunt libero vel.');
INSERT INTO `books` (`id`, `description`, `discount`, `image`, `is_bestseller`, `price`, `price_old`, `pub_date`, `slug`, `title`) VALUES (29, 'Dolores recusandae voluptatem nesciunt voluptas nobis ut et dolorem. Deserunt quae maxime porro commodi fugit aut. Molestiae ut aliquid qui suscipit. Voluptate architecto dolore aut ut voluptatem cupiditate sit.', 6, 'tmp/e6941be04af8b79dd63fde4786d420e9.jpg', 0, 627, 4778, '2017-01-31 22:09:23', '33 om', 'Quibusdam saepe nisi ab officiis rem est.');
INSERT INTO `books` (`id`, `description`, `discount`, `image`, `is_bestseller`, `price`, `price_old`, `pub_date`, `slug`, `title`) VALUES (30, 'Praesentium officiis iste beatae neque voluptatem iure. Explicabo veniam quasi dicta aut tempora. Qui velit a modi porro enim sed. Dicta in ullam numquam explicabo nam omnis.', 0, 'tmp/66dd1fcd16e4c8bec15a0124090865f1.jpg', 0, 2797, 3573, '1976-12-04 00:12:30', '61 bs', 'Sunt consequatur qui dolores ut rerum aliquid sapiente.');
INSERT INTO `books` (`id`, `description`, `discount`, `image`, `is_bestseller`, `price`, `price_old`, `pub_date`, `slug`, `title`) VALUES (31, 'Esse sit reprehenderit necessitatibus est ipsa laborum. Magnam quos sunt error velit. Ratione omnis est et nemo ex iste. Omnis commodi recusandae non et sunt.', 0, 'tmp/5b828844f30114afd31f29c4abdae011.jpg', 0, 2122, 4287, '1985-10-11 07:21:18', '59 xz', 'Sed rem molestias et aliquid deleniti velit.');
INSERT INTO `books` (`id`, `description`, `discount`, `image`, `is_bestseller`, `price`, `price_old`, `pub_date`, `slug`, `title`) VALUES (32, 'Sed quis ullam delectus voluptatibus aspernatur. Cum temporibus provident accusamus quia. Nobis dolorem labore eum quo voluptate voluptates. Ullam maiores aut quidem omnis. Sunt unde a excepturi vel ducimus.', 0, 'tmp/fc6a8c9070025c0de87ce6127de2dce5.jpg', 1, 2485, 3321, '2022-08-26 13:36:23', '05 so', 'Quasi laudantium sint quo accusantium porro architecto recusandae.');
INSERT INTO `books` (`id`, `description`, `discount`, `image`, `is_bestseller`, `price`, `price_old`, `pub_date`, `slug`, `title`) VALUES (33, 'Qui tempore est nobis. Sit delectus magnam aut est ipsa culpa. Dignissimos vero veritatis omnis aut iste sed.', 53, 'tmp/44deb73f5c322f6c8c41059082ede8ab.jpg', 1, 1458, 5508, '1976-06-05 11:14:01', '51 za', 'Molestias amet voluptatum aspernatur.');
INSERT INTO `books` (`id`, `description`, `discount`, `image`, `is_bestseller`, `price`, `price_old`, `pub_date`, `slug`, `title`) VALUES (34, 'Qui sed sint veritatis at et beatae repellendus. Natus et quia eaque facere in. Fugit possimus quam possimus corrupti alias. Ipsum omnis rem est eos est qui et.', 0, 'tmp/387206a00fcc552239647a08bd8c8416.jpg', 1, 2044, 5798, '2017-07-10 01:30:46', '37 vc', 'Voluptas vitae accusantium qui.');
INSERT INTO `books` (`id`, `description`, `discount`, `image`, `is_bestseller`, `price`, `price_old`, `pub_date`, `slug`, `title`) VALUES (35, 'Et animi voluptas autem. Doloremque ut sunt blanditiis. Eligendi consequatur quo libero assumenda. Repellat deserunt et iste fuga ea.', 0, 'tmp/79cb7f73d90291a9ca7938bacbccd0a9.jpg', 1, 2345, 5876, '2014-06-17 01:05:49', '95 mu', 'Excepturi distinctio nulla ducimus quae fugiat dolorem quis.');
INSERT INTO `books` (`id`, `description`, `discount`, `image`, `is_bestseller`, `price`, `price_old`, `pub_date`, `slug`, `title`) VALUES (36, 'Consequuntur neque minus iusto ut ipsum. Eos voluptas architecto vel laudantium qui eius iure dignissimos. Unde beatae quis eos assumenda non porro.', 0, 'tmp/22dc2bf8abf475b32bd08be671581592.jpg', 1, 760, 4861, '1991-11-07 10:14:39', '03 ph', 'Temporibus minima facere eos minus quam non accusantium.');
INSERT INTO `books` (`id`, `description`, `discount`, `image`, `is_bestseller`, `price`, `price_old`, `pub_date`, `slug`, `title`) VALUES (37, 'Voluptatem velit necessitatibus ab non culpa consectetur magnam. Ipsam consequuntur inventore in. Voluptas id corporis nihil ad minima vel perferendis. Velit sapiente molestias omnis asperiores quos magnam ut. Aut odit corrupti sit excepturi.', 0, 'tmp/0c92a492bc5bf099f3d63e7b4a8fc95e.jpg', 0, 2220, 4255, '2015-09-01 18:33:45', '90 ly', 'Doloribus provident et officia dolor ducimus.');
INSERT INTO `books` (`id`, `description`, `discount`, `image`, `is_bestseller`, `price`, `price_old`, `pub_date`, `slug`, `title`) VALUES (38, 'Aut sequi error beatae qui est porro. Placeat animi expedita cumque aut omnis tempore maiores. Omnis omnis saepe error ab sequi porro aperiam. Placeat temporibus impedit vel in voluptatem dolor.', 48, 'tmp/8d25310d1e3aefb911ece34d28e58abb.jpg', 1, 1170, 4951, '1979-09-11 13:28:26', '98 it', 'Quia ea et unde sed perspiciatis tenetur dignissimos.');
INSERT INTO `books` (`id`, `description`, `discount`, `image`, `is_bestseller`, `price`, `price_old`, `pub_date`, `slug`, `title`) VALUES (39, 'Aperiam dolorum enim molestias velit est eum quo. Sit illum qui sunt consectetur voluptatem harum nulla. Ex sit quia corrupti eum consequatur. Facere tenetur officia quasi dolore voluptatem.', 44, 'tmp/0590a404504b164d12afae490c94de7f.jpg', 1, 1154, 5823, '2007-09-04 12:59:57', '81 gz', 'Aut nesciunt fugiat vitae quos.');
INSERT INTO `books` (`id`, `description`, `discount`, `image`, `is_bestseller`, `price`, `price_old`, `pub_date`, `slug`, `title`) VALUES (40, 'Aut tempore temporibus reprehenderit hic. Perspiciatis et sapiente ut quia. Laborum necessitatibus et ut. Atque ratione qui ab voluptatum tempora repellendus rerum ducimus.', 17, 'tmp/3fbf9a58f821e3ae05e012ea8d555795.jpg', 0, 2273, 3094, '1995-07-07 05:54:31', '69 ky', 'Repellendus recusandae recusandae sit beatae sequi sint.');


#
# TABLE STRUCTURE FOR: balance_transaction
#

INSERT INTO `balance_transaction` (`id`, `book_id`, `description`, `time`, `user_id`, `value`) VALUES (1, 1, 'Quia nam eligendi ut corporis. Qui pariatur animi aspernatur quam tenetur dignissimos molestiae. Recusandae quibusdam veniam eum sit molestias. Eos necessitatibus libero delectus autem.', '2023-07-27 00:03:18', 1, 950);
INSERT INTO `balance_transaction` (`id`, `book_id`, `description`, `time`, `user_id`, `value`) VALUES (2, 2, 'Illum voluptate atque suscipit accusantium et blanditiis dolorum nisi. Et aut aut molestiae enim et sint aspernatur. Tenetur sed tempore maxime fugit. Totam cumque et debitis minus debitis.', '2021-11-05 18:32:58', 2, 801);
INSERT INTO `balance_transaction` (`id`, `book_id`, `description`, `time`, `user_id`, `value`) VALUES (3, 3, 'Et non dolor enim et tenetur dolor. Officia mollitia incidunt et placeat enim dolor dolore. Est et fuga numquam fugiat soluta officiis. Expedita recusandae totam dolorem quia.', '2022-01-23 12:05:12', 3, 1248);
INSERT INTO `balance_transaction` (`id`, `book_id`, `description`, `time`, `user_id`, `value`) VALUES (4, 4, 'Et distinctio et fugit est accusantium. Et blanditiis sunt itaque saepe doloremque. Voluptatum architecto nihil nobis provident quae quo quia quibusdam. Laudantium consequatur enim eveniet temporibus.', '2022-03-29 04:26:16', 4, 1095);
INSERT INTO `balance_transaction` (`id`, `book_id`, `description`, `time`, `user_id`, `value`) VALUES (5, 5, 'Est autem recusandae sunt. In omnis iste ullam non. Perferendis ea iste impedit at amet accusamus. Dolorum dolor pariatur ipsa reprehenderit sunt molestiae. Deleniti eos optio sed tempore.', '2021-07-19 01:05:20', 5, 1275);
INSERT INTO `balance_transaction` (`id`, `book_id`, `description`, `time`, `user_id`, `value`) VALUES (6, 6, 'Veritatis minima maiores iusto tempora ut. Similique ipsum est inventore voluptas. Non corrupti quo in iusto aliquam.', '2021-11-17 13:36:57', 6, 680);
INSERT INTO `balance_transaction` (`id`, `book_id`, `description`, `time`, `user_id`, `value`) VALUES (7, 7, 'Numquam aspernatur molestiae sunt id autem laudantium id. Aut et eum ut quos quia et amet. Saepe itaque dolore explicabo harum voluptatem animi. Mollitia minima rem illo sint animi dignissimos enim provident.', '2020-08-21 06:19:07', 7, 723);
INSERT INTO `balance_transaction` (`id`, `book_id`, `description`, `time`, `user_id`, `value`) VALUES (8, 8, 'Maiores itaque officiis vitae ea corrupti voluptas nulla. Quia molestiae optio molestiae molestiae. Et libero vel numquam accusantium voluptas enim est. Adipisci fugit doloribus amet et facere doloribus ut.', '2022-02-24 00:52:43', 8, 687);
INSERT INTO `balance_transaction` (`id`, `book_id`, `description`, `time`, `user_id`, `value`) VALUES (9, 9, 'Hic saepe minima distinctio qui ducimus natus. Asperiores officiis ut non voluptates placeat. Ad vero deserunt error omnis mollitia cupiditate soluta vero.', '2019-10-04 03:52:54', 9, 1657);
INSERT INTO `balance_transaction` (`id`, `book_id`, `description`, `time`, `user_id`, `value`) VALUES (10, 10, 'Ut dolorum ipsum asperiores quos tenetur sit velit. Neque adipisci facere cum hic fugiat. Qui sapiente quo rerum harum vel.', '2022-12-09 15:11:45', 10, 1781);
INSERT INTO `balance_transaction` (`id`, `book_id`, `description`, `time`, `user_id`, `value`) VALUES (11, 11, 'Ea itaque deleniti molestiae impedit a doloribus iusto. Voluptas necessitatibus incidunt reprehenderit natus consequatur. Dolorem odio omnis est deleniti velit et dolorem. Consequatur et quas excepturi iure fugit harum odio voluptatum.', '2022-09-19 09:39:40', 11, 705);
INSERT INTO `balance_transaction` (`id`, `book_id`, `description`, `time`, `user_id`, `value`) VALUES (12, 12, 'Excepturi omnis officiis corrupti necessitatibus est dolorem error. In qui voluptatem enim eos labore maxime ut. Cupiditate non qui accusamus. Rerum cupiditate quia inventore ut.', '2021-03-02 04:37:42', 12, 1378);
INSERT INTO `balance_transaction` (`id`, `book_id`, `description`, `time`, `user_id`, `value`) VALUES (13, 13, 'Voluptatibus reprehenderit dolores consectetur. Et repudiandae nisi itaque quo ut nihil aliquid. Officia commodi odio eum sit. Officiis odio sed suscipit vero cumque. Ab officiis consequatur quas repellat at velit ipsum.', '2022-09-18 13:48:44', 13, 1931);
INSERT INTO `balance_transaction` (`id`, `book_id`, `description`, `time`, `user_id`, `value`) VALUES (14, 14, 'Officia iusto delectus molestias quod. Quis explicabo odio officia amet necessitatibus. Minus ut ratione quas aut dignissimos.', '2019-06-02 17:03:59', 14, 738);
INSERT INTO `balance_transaction` (`id`, `book_id`, `description`, `time`, `user_id`, `value`) VALUES (15, 15, 'Et voluptas aut cum laboriosam. Molestiae voluptatum quas vel ex expedita. Tempore voluptas itaque sunt tenetur. Ut eum cumque beatae ut incidunt enim.', '2021-07-27 05:54:13', 15, 1859);
INSERT INTO `balance_transaction` (`id`, `book_id`, `description`, `time`, `user_id`, `value`) VALUES (16, 16, 'Autem voluptates ex asperiores sunt ut suscipit expedita. Et et aut eius totam repudiandae non velit. Sequi nostrum eum quo rem cum error quis. Quod et ex facilis praesentium dignissimos saepe. Repudiandae et ea alias sed.', '2022-03-27 16:15:31', 1, 1126);
INSERT INTO `balance_transaction` (`id`, `book_id`, `description`, `time`, `user_id`, `value`) VALUES (17, 17, 'Atque veniam temporibus minus quis est deleniti. Et qui voluptas provident. Ducimus aut qui at assumenda asperiores error.', '2023-07-01 08:57:01', 2, 907);
INSERT INTO `balance_transaction` (`id`, `book_id`, `description`, `time`, `user_id`, `value`) VALUES (18, 18, 'Quia adipisci vel id non consequatur. Doloremque a reiciendis quia. Dolorem ab dolor perferendis in odio illum tempora.', '2019-03-28 23:54:16', 3, 1205);
INSERT INTO `balance_transaction` (`id`, `book_id`, `description`, `time`, `user_id`, `value`) VALUES (19, 19, 'Nemo facilis impedit fuga aspernatur. Sed qui est at et. Dicta est cupiditate placeat nihil aut quidem. Nihil dolorem tempore maxime dolores esse et.', '2018-12-30 07:06:40', 4, 1001);
INSERT INTO `balance_transaction` (`id`, `book_id`, `description`, `time`, `user_id`, `value`) VALUES (20, 20, 'Error voluptas optio rerum provident reprehenderit et. Numquam deserunt corrupti rerum id facilis est ab. Quas cum iusto ad et repudiandae occaecati rerum. Fuga beatae aliquam voluptates ut non dolor.', '2019-04-01 06:22:36', 5, 876);


#
# TABLE STRUCTURE FOR: book2author
#
INSERT INTO `book2author` (`id`, `author_id`, `book_id`, `sort_index`) VALUES (1, 1, 1, 0);
INSERT INTO `book2author` (`id`, `author_id`, `book_id`, `sort_index`) VALUES (2, 2, 2, 0);
INSERT INTO `book2author` (`id`, `author_id`, `book_id`, `sort_index`) VALUES (3, 3, 3, 0);
INSERT INTO `book2author` (`id`, `author_id`, `book_id`, `sort_index`) VALUES (4, 4, 4, 1);
INSERT INTO `book2author` (`id`, `author_id`, `book_id`, `sort_index`) VALUES (5, 5, 5, 1);
INSERT INTO `book2author` (`id`, `author_id`, `book_id`, `sort_index`) VALUES (6, 6, 6, 0);
INSERT INTO `book2author` (`id`, `author_id`, `book_id`, `sort_index`) VALUES (7, 7, 7, 0);
INSERT INTO `book2author` (`id`, `author_id`, `book_id`, `sort_index`) VALUES (8, 8, 8, 1);
INSERT INTO `book2author` (`id`, `author_id`, `book_id`, `sort_index`) VALUES (9, 9, 9, 0);
INSERT INTO `book2author` (`id`, `author_id`, `book_id`, `sort_index`) VALUES (10, 10, 10, 0);
INSERT INTO `book2author` (`id`, `author_id`, `book_id`, `sort_index`) VALUES (11, 11, 11, 1);
INSERT INTO `book2author` (`id`, `author_id`, `book_id`, `sort_index`) VALUES (12, 12, 12, 1);
INSERT INTO `book2author` (`id`, `author_id`, `book_id`, `sort_index`) VALUES (13, 13, 13, 0);
INSERT INTO `book2author` (`id`, `author_id`, `book_id`, `sort_index`) VALUES (14, 14, 14, 1);
INSERT INTO `book2author` (`id`, `author_id`, `book_id`, `sort_index`) VALUES (15, 15, 15, 0);
INSERT INTO `book2author` (`id`, `author_id`, `book_id`, `sort_index`) VALUES (16, 16, 16, 0);
INSERT INTO `book2author` (`id`, `author_id`, `book_id`, `sort_index`) VALUES (17, 17, 17, 0);
INSERT INTO `book2author` (`id`, `author_id`, `book_id`, `sort_index`) VALUES (18, 18, 18, 0);
INSERT INTO `book2author` (`id`, `author_id`, `book_id`, `sort_index`) VALUES (19, 19, 19, 0);
INSERT INTO `book2author` (`id`, `author_id`, `book_id`, `sort_index`) VALUES (20, 20, 20, 0);
INSERT INTO `book2author` (`id`, `author_id`, `book_id`, `sort_index`) VALUES (21, 1, 21, 1);
INSERT INTO `book2author` (`id`, `author_id`, `book_id`, `sort_index`) VALUES (22, 2, 22, 1);
INSERT INTO `book2author` (`id`, `author_id`, `book_id`, `sort_index`) VALUES (23, 3, 23, 1);
INSERT INTO `book2author` (`id`, `author_id`, `book_id`, `sort_index`) VALUES (24, 4, 24, 1);
INSERT INTO `book2author` (`id`, `author_id`, `book_id`, `sort_index`) VALUES (25, 5, 25, 0);
INSERT INTO `book2author` (`id`, `author_id`, `book_id`, `sort_index`) VALUES (26, 6, 26, 1);
INSERT INTO `book2author` (`id`, `author_id`, `book_id`, `sort_index`) VALUES (27, 7, 27, 0);
INSERT INTO `book2author` (`id`, `author_id`, `book_id`, `sort_index`) VALUES (28, 8, 28, 0);
INSERT INTO `book2author` (`id`, `author_id`, `book_id`, `sort_index`) VALUES (29, 9, 29, 1);
INSERT INTO `book2author` (`id`, `author_id`, `book_id`, `sort_index`) VALUES (30, 10, 30, 1);
INSERT INTO `book2author` (`id`, `author_id`, `book_id`, `sort_index`) VALUES (31, 11, 31, 0);
INSERT INTO `book2author` (`id`, `author_id`, `book_id`, `sort_index`) VALUES (32, 12, 32, 0);
INSERT INTO `book2author` (`id`, `author_id`, `book_id`, `sort_index`) VALUES (33, 13, 33, 0);
INSERT INTO `book2author` (`id`, `author_id`, `book_id`, `sort_index`) VALUES (34, 14, 34, 1);
INSERT INTO `book2author` (`id`, `author_id`, `book_id`, `sort_index`) VALUES (35, 15, 35, 1);
INSERT INTO `book2author` (`id`, `author_id`, `book_id`, `sort_index`) VALUES (36, 16, 36, 0);
INSERT INTO `book2author` (`id`, `author_id`, `book_id`, `sort_index`) VALUES (37, 17, 37, 0);
INSERT INTO `book2author` (`id`, `author_id`, `book_id`, `sort_index`) VALUES (38, 18, 38, 1);
INSERT INTO `book2author` (`id`, `author_id`, `book_id`, `sort_index`) VALUES (39, 19, 39, 0);
INSERT INTO `book2author` (`id`, `author_id`, `book_id`, `sort_index`) VALUES (40, 20, 40, 0);
INSERT INTO `book2author` (`id`, `author_id`, `book_id`, `sort_index`) VALUES (41, 1, 1, 0);
INSERT INTO `book2author` (`id`, `author_id`, `book_id`, `sort_index`) VALUES (42, 2, 2, 0);
INSERT INTO `book2author` (`id`, `author_id`, `book_id`, `sort_index`) VALUES (43, 3, 3, 0);
INSERT INTO `book2author` (`id`, `author_id`, `book_id`, `sort_index`) VALUES (44, 4, 4, 1);
INSERT INTO `book2author` (`id`, `author_id`, `book_id`, `sort_index`) VALUES (45, 5, 5, 0);
INSERT INTO `book2author` (`id`, `author_id`, `book_id`, `sort_index`) VALUES (46, 6, 6, 1);
INSERT INTO `book2author` (`id`, `author_id`, `book_id`, `sort_index`) VALUES (47, 7, 7, 0);
INSERT INTO `book2author` (`id`, `author_id`, `book_id`, `sort_index`) VALUES (48, 8, 8, 0);
INSERT INTO `book2author` (`id`, `author_id`, `book_id`, `sort_index`) VALUES (49, 9, 9, 1);
INSERT INTO `book2author` (`id`, `author_id`, `book_id`, `sort_index`) VALUES (50, 10, 10, 1);


#
# TABLE STRUCTURE FOR: book2genre
#

INSERT INTO `book2genre` (`id`, `book_id`, `genre_id`) VALUES (1, 1, 1);
INSERT INTO `book2genre` (`id`, `book_id`, `genre_id`) VALUES (2, 2, 2);
INSERT INTO `book2genre` (`id`, `book_id`, `genre_id`) VALUES (3, 3, 3);
INSERT INTO `book2genre` (`id`, `book_id`, `genre_id`) VALUES (4, 4, 4);
INSERT INTO `book2genre` (`id`, `book_id`, `genre_id`) VALUES (5, 5, 5);
INSERT INTO `book2genre` (`id`, `book_id`, `genre_id`) VALUES (6, 6, 6);
INSERT INTO `book2genre` (`id`, `book_id`, `genre_id`) VALUES (7, 7, 7);
INSERT INTO `book2genre` (`id`, `book_id`, `genre_id`) VALUES (8, 8, 8);
INSERT INTO `book2genre` (`id`, `book_id`, `genre_id`) VALUES (9, 9, 1);
INSERT INTO `book2genre` (`id`, `book_id`, `genre_id`) VALUES (10, 10, 2);
INSERT INTO `book2genre` (`id`, `book_id`, `genre_id`) VALUES (11, 11, 3);
INSERT INTO `book2genre` (`id`, `book_id`, `genre_id`) VALUES (12, 12, 4);
INSERT INTO `book2genre` (`id`, `book_id`, `genre_id`) VALUES (13, 13, 5);
INSERT INTO `book2genre` (`id`, `book_id`, `genre_id`) VALUES (14, 14, 6);
INSERT INTO `book2genre` (`id`, `book_id`, `genre_id`) VALUES (15, 15, 7);
INSERT INTO `book2genre` (`id`, `book_id`, `genre_id`) VALUES (16, 16, 8);
INSERT INTO `book2genre` (`id`, `book_id`, `genre_id`) VALUES (17, 17, 1);
INSERT INTO `book2genre` (`id`, `book_id`, `genre_id`) VALUES (18, 18, 2);
INSERT INTO `book2genre` (`id`, `book_id`, `genre_id`) VALUES (19, 19, 3);
INSERT INTO `book2genre` (`id`, `book_id`, `genre_id`) VALUES (20, 20, 4);
INSERT INTO `book2genre` (`id`, `book_id`, `genre_id`) VALUES (21, 21, 5);
INSERT INTO `book2genre` (`id`, `book_id`, `genre_id`) VALUES (22, 22, 6);
INSERT INTO `book2genre` (`id`, `book_id`, `genre_id`) VALUES (23, 23, 7);
INSERT INTO `book2genre` (`id`, `book_id`, `genre_id`) VALUES (24, 24, 8);
INSERT INTO `book2genre` (`id`, `book_id`, `genre_id`) VALUES (25, 25, 1);
INSERT INTO `book2genre` (`id`, `book_id`, `genre_id`) VALUES (26, 26, 2);
INSERT INTO `book2genre` (`id`, `book_id`, `genre_id`) VALUES (27, 27, 3);
INSERT INTO `book2genre` (`id`, `book_id`, `genre_id`) VALUES (28, 28, 4);
INSERT INTO `book2genre` (`id`, `book_id`, `genre_id`) VALUES (29, 29, 5);
INSERT INTO `book2genre` (`id`, `book_id`, `genre_id`) VALUES (30, 30, 6);
INSERT INTO `book2genre` (`id`, `book_id`, `genre_id`) VALUES (31, 31, 7);
INSERT INTO `book2genre` (`id`, `book_id`, `genre_id`) VALUES (32, 32, 8);
INSERT INTO `book2genre` (`id`, `book_id`, `genre_id`) VALUES (33, 33, 1);
INSERT INTO `book2genre` (`id`, `book_id`, `genre_id`) VALUES (34, 34, 2);
INSERT INTO `book2genre` (`id`, `book_id`, `genre_id`) VALUES (35, 35, 3);
INSERT INTO `book2genre` (`id`, `book_id`, `genre_id`) VALUES (36, 36, 4);
INSERT INTO `book2genre` (`id`, `book_id`, `genre_id`) VALUES (37, 37, 5);
INSERT INTO `book2genre` (`id`, `book_id`, `genre_id`) VALUES (38, 38, 6);
INSERT INTO `book2genre` (`id`, `book_id`, `genre_id`) VALUES (39, 39, 7);
INSERT INTO `book2genre` (`id`, `book_id`, `genre_id`) VALUES (40, 40, 8);
INSERT INTO `book2genre` (`id`, `book_id`, `genre_id`) VALUES (41, 1, 1);
INSERT INTO `book2genre` (`id`, `book_id`, `genre_id`) VALUES (42, 2, 2);
INSERT INTO `book2genre` (`id`, `book_id`, `genre_id`) VALUES (43, 3, 3);
INSERT INTO `book2genre` (`id`, `book_id`, `genre_id`) VALUES (44, 4, 4);
INSERT INTO `book2genre` (`id`, `book_id`, `genre_id`) VALUES (45, 5, 5);
INSERT INTO `book2genre` (`id`, `book_id`, `genre_id`) VALUES (46, 6, 6);
INSERT INTO `book2genre` (`id`, `book_id`, `genre_id`) VALUES (47, 7, 7);
INSERT INTO `book2genre` (`id`, `book_id`, `genre_id`) VALUES (48, 8, 8);
INSERT INTO `book2genre` (`id`, `book_id`, `genre_id`) VALUES (49, 9, 1);
INSERT INTO `book2genre` (`id`, `book_id`, `genre_id`) VALUES (50, 10, 2);


#
# TABLE STRUCTURE FOR: book2user
#

INSERT INTO `book2user` (`id`, `book_id`, `time`, `type_id`, `user_id`) VALUES (1, 1, '2021-04-21 02:11:32', 1, 1);
INSERT INTO `book2user` (`id`, `book_id`, `time`, `type_id`, `user_id`) VALUES (2, 2, '2018-12-22 09:19:24', 2, 2);
INSERT INTO `book2user` (`id`, `book_id`, `time`, `type_id`, `user_id`) VALUES (3, 3, '2020-12-14 01:49:24', 3, 3);
INSERT INTO `book2user` (`id`, `book_id`, `time`, `type_id`, `user_id`) VALUES (4, 4, '2023-03-30 11:14:05', 4, 4);
INSERT INTO `book2user` (`id`, `book_id`, `time`, `type_id`, `user_id`) VALUES (5, 5, '2023-07-29 05:24:05', 5, 5);
INSERT INTO `book2user` (`id`, `book_id`, `time`, `type_id`, `user_id`) VALUES (6, 6, '2019-11-21 11:23:32', 6, 6);
INSERT INTO `book2user` (`id`, `book_id`, `time`, `type_id`, `user_id`) VALUES (7, 7, '2022-06-07 17:53:02', 7, 7);
INSERT INTO `book2user` (`id`, `book_id`, `time`, `type_id`, `user_id`) VALUES (8, 8, '2019-07-13 17:02:05', 8, 8);
INSERT INTO `book2user` (`id`, `book_id`, `time`, `type_id`, `user_id`) VALUES (9, 9, '2019-08-22 18:13:41', 9, 9);
INSERT INTO `book2user` (`id`, `book_id`, `time`, `type_id`, `user_id`) VALUES (10, 10, '2020-08-08 11:13:13', 10, 10);
INSERT INTO `book2user` (`id`, `book_id`, `time`, `type_id`, `user_id`) VALUES (11, 11, '2023-02-01 18:49:35', 11, 11);
INSERT INTO `book2user` (`id`, `book_id`, `time`, `type_id`, `user_id`) VALUES (12, 12, '2020-07-12 01:20:58', 12, 12);
INSERT INTO `book2user` (`id`, `book_id`, `time`, `type_id`, `user_id`) VALUES (13, 13, '2019-05-18 10:24:45', 13, 13);
INSERT INTO `book2user` (`id`, `book_id`, `time`, `type_id`, `user_id`) VALUES (14, 14, '2021-08-26 09:12:49', 14, 14);
INSERT INTO `book2user` (`id`, `book_id`, `time`, `type_id`, `user_id`) VALUES (15, 15, '2022-01-08 10:00:44', 15, 15);
INSERT INTO `book2user` (`id`, `book_id`, `time`, `type_id`, `user_id`) VALUES (16, 16, '2019-12-19 08:36:36', 16, 1);
INSERT INTO `book2user` (`id`, `book_id`, `time`, `type_id`, `user_id`) VALUES (17, 17, '2019-06-14 01:55:03', 17, 2);
INSERT INTO `book2user` (`id`, `book_id`, `time`, `type_id`, `user_id`) VALUES (18, 18, '2022-01-04 09:58:53', 18, 3);
INSERT INTO `book2user` (`id`, `book_id`, `time`, `type_id`, `user_id`) VALUES (19, 19, '2020-10-18 16:29:22', 19, 4);
INSERT INTO `book2user` (`id`, `book_id`, `time`, `type_id`, `user_id`) VALUES (20, 20, '2023-08-16 12:26:10', 20, 5);
INSERT INTO `book2user` (`id`, `book_id`, `time`, `type_id`, `user_id`) VALUES (21, 21, '2019-10-15 17:44:32', 1, 6);
INSERT INTO `book2user` (`id`, `book_id`, `time`, `type_id`, `user_id`) VALUES (22, 22, '2020-12-06 14:53:38', 2, 7);
INSERT INTO `book2user` (`id`, `book_id`, `time`, `type_id`, `user_id`) VALUES (23, 23, '2022-01-29 12:59:42', 3, 8);
INSERT INTO `book2user` (`id`, `book_id`, `time`, `type_id`, `user_id`) VALUES (24, 24, '2021-03-13 18:04:35', 4, 9);
INSERT INTO `book2user` (`id`, `book_id`, `time`, `type_id`, `user_id`) VALUES (25, 25, '2019-04-13 08:56:54', 5, 10);
INSERT INTO `book2user` (`id`, `book_id`, `time`, `type_id`, `user_id`) VALUES (26, 26, '2020-05-30 04:31:16', 6, 11);
INSERT INTO `book2user` (`id`, `book_id`, `time`, `type_id`, `user_id`) VALUES (27, 27, '2023-09-06 14:22:42', 7, 12);
INSERT INTO `book2user` (`id`, `book_id`, `time`, `type_id`, `user_id`) VALUES (28, 28, '2021-12-07 09:10:15', 8, 13);
INSERT INTO `book2user` (`id`, `book_id`, `time`, `type_id`, `user_id`) VALUES (29, 29, '2021-01-01 11:03:57', 9, 14);
INSERT INTO `book2user` (`id`, `book_id`, `time`, `type_id`, `user_id`) VALUES (30, 30, '2022-04-29 14:16:16', 10, 15);


#
# TABLE STRUCTURE FOR: book2user_type
#


INSERT INTO `book2user_type` (`id`, `code`, `name`) VALUES (1, 'fiwq', 'possimus');
INSERT INTO `book2user_type` (`id`, `code`, `name`) VALUES (2, 'euuk', 'facere');
INSERT INTO `book2user_type` (`id`, `code`, `name`) VALUES (3, 'clqb', 'repellendus');
INSERT INTO `book2user_type` (`id`, `code`, `name`) VALUES (4, 'ikbl', 'repudiandae');
INSERT INTO `book2user_type` (`id`, `code`, `name`) VALUES (5, 'gtss', 'id');
INSERT INTO `book2user_type` (`id`, `code`, `name`) VALUES (6, 'kzei', 'maxime');
INSERT INTO `book2user_type` (`id`, `code`, `name`) VALUES (7, 'oold', 'iste');
INSERT INTO `book2user_type` (`id`, `code`, `name`) VALUES (8, 'ctka', 'in');
INSERT INTO `book2user_type` (`id`, `code`, `name`) VALUES (9, 'tign', 'qui');
INSERT INTO `book2user_type` (`id`, `code`, `name`) VALUES (10, 'vojb', 'similique');
INSERT INTO `book2user_type` (`id`, `code`, `name`) VALUES (11, 'hyrl', 'a');
INSERT INTO `book2user_type` (`id`, `code`, `name`) VALUES (12, 'rxco', 'dignissimos');
INSERT INTO `book2user_type` (`id`, `code`, `name`) VALUES (13, 'ovuy', 'et');
INSERT INTO `book2user_type` (`id`, `code`, `name`) VALUES (14, 'buuz', 'sed');
INSERT INTO `book2user_type` (`id`, `code`, `name`) VALUES (15, 'ruqk', 'quia');
INSERT INTO `book2user_type` (`id`, `code`, `name`) VALUES (16, 'zllh', 'ea');
INSERT INTO `book2user_type` (`id`, `code`, `name`) VALUES (17, 'jxjl', 'eum');
INSERT INTO `book2user_type` (`id`, `code`, `name`) VALUES (18, 'hibe', 'magni');
INSERT INTO `book2user_type` (`id`, `code`, `name`) VALUES (19, 'ppan', 'et');
INSERT INTO `book2user_type` (`id`, `code`, `name`) VALUES (20, 'qkud', 'sunt');


#
# TABLE STRUCTURE FOR: book_file_type
#


INSERT INTO `book_file_type` (`id`, `description`, `name`) VALUES (1, 'Eum veritatis quaerat veniam esse dolorem. Omnis explicabo eveniet perferendis in hic. Dolores itaque placeat voluptas et voluptate.', 'sapiente');
INSERT INTO `book_file_type` (`id`, `description`, `name`) VALUES (2, 'Inventore maiores ullam quia asperiores veritatis velit mollitia. Omnis blanditiis omnis aliquid totam.', 'sit');
INSERT INTO `book_file_type` (`id`, `description`, `name`) VALUES (3, 'Et et quia ut vel est vel. Consequatur quia fugit beatae eos eveniet. Nostrum quia recusandae non labore. Officia enim est incidunt ut. Eum tempore at quasi perspiciatis molestias.', 'voluptatibus');
INSERT INTO `book_file_type` (`id`, `description`, `name`) VALUES (4, 'Distinctio qui unde repudiandae animi. Earum commodi et a quibusdam vel placeat eos et. Quia rerum velit nemo autem aut iusto accusantium qui. Similique quas consectetur animi omnis ad veniam.', 'a');
INSERT INTO `book_file_type` (`id`, `description`, `name`) VALUES (5, 'Recusandae officia distinctio velit. Sequi velit et sed et qui voluptates. Dolor est nobis unde eos delectus saepe eum aspernatur. Dolores dignissimos quia quaerat quibusdam eius odit repudiandae cumque.', 'eligendi');



#
# TABLE STRUCTURE FOR: book_file
#


INSERT INTO `book_file` (`id`, `hash`, `path`, `type_id`) VALUES (1, 'fccaeba9942af6a63fec79f92d05166d659d936a', '/e737106e8b731a116101992401f542f7.jpg', 1);
INSERT INTO `book_file` (`id`, `hash`, `path`, `type_id`) VALUES (2, 'eb19c6cedadbc4c8c88e9b492c2895e88c54b0b3', '/d7d443ac236f39ea3b845a331df8a85e.jpg', 2);
INSERT INTO `book_file` (`id`, `hash`, `path`, `type_id`) VALUES (3, '69d32e48095dbae4dbd7323183440fab81a8b535', '/5296006e27105b4d8eb446ceaaf0e18f.jpg', 3);
INSERT INTO `book_file` (`id`, `hash`, `path`, `type_id`) VALUES (4, 'ca6669392202a048c09233db8b73761898b590fb', '/8c913ff8171aac7afd27929f89d9ac88.jpg', 4);
INSERT INTO `book_file` (`id`, `hash`, `path`, `type_id`) VALUES (5, 'eacf507c6eb029f355ceabd5522e8cfc741edb68', '/087cc938e850dace5513f41fd548f16a.jpg', 5);
INSERT INTO `book_file` (`id`, `hash`, `path`, `type_id`) VALUES (6, 'ff4896a30bc39bff4ad8e51dd40747abe4d57612', '/56e04df53542d97cdf288c4f8cbac942.jpg', 1);
INSERT INTO `book_file` (`id`, `hash`, `path`, `type_id`) VALUES (7, '4b94222efd725cb91bba6f07643148d05a25d896', '/fcd3d8e8395637f70cb5fb4d93f147c9.jpg', 2);
INSERT INTO `book_file` (`id`, `hash`, `path`, `type_id`) VALUES (8, 'e8fbb265e86c77e687d7d5b028e3ff57ff43840f', '/8a5d02ea0f466a4fbd437fcca2f3fb3e.jpg', 3);
INSERT INTO `book_file` (`id`, `hash`, `path`, `type_id`) VALUES (9, '3960b3e33ff17288f00ee4d3ac9ecff084db00d7', '/168e85dbe2bc341dc21980cb6db0da5b.jpg', 4);
INSERT INTO `book_file` (`id`, `hash`, `path`, `type_id`) VALUES (10, '3f834e643d6066a437e4ad5e737f8f624e98efcd', '/ba8b41a69d0301650c4a61cdf10876ae.jpg', 5);
INSERT INTO `book_file` (`id`, `hash`, `path`, `type_id`) VALUES (11, 'bfca00aee53ae54315e05189b1e34a642312c590', '/2ad46034e77a71ccdbdc3e681f4f8222.jpg', 1);
INSERT INTO `book_file` (`id`, `hash`, `path`, `type_id`) VALUES (12, '5ac16e460481f9267b84469cd4409808838392c6', '/a702c41412287b82c21fd81ac1626dac.jpg', 2);
INSERT INTO `book_file` (`id`, `hash`, `path`, `type_id`) VALUES (13, 'f6c7a9a3879aa47cecd5891ff945be18207f8382', '/623d3819e1292c5171fb4101d5f0b66a.jpg', 3);
INSERT INTO `book_file` (`id`, `hash`, `path`, `type_id`) VALUES (14, '81e0adafdd4d492987adc4b7d32e53cf4e45292e', '/7b19f8d39ecd50b968575d8e03d52358.jpg', 4);
INSERT INTO `book_file` (`id`, `hash`, `path`, `type_id`) VALUES (15, '55ec76a98ab90f2b7e3f8fd7f5c7f0549ef73100', '/6d6cec126a27a3e3f0ebe9e4618248da.jpg', 5);
INSERT INTO `book_file` (`id`, `hash`, `path`, `type_id`) VALUES (16, '52437fadc91ae60fda6dab08785a92c8e980af2d', '/75a085e2425e3040e03e9452abf8d219.jpg', 1);
INSERT INTO `book_file` (`id`, `hash`, `path`, `type_id`) VALUES (17, '3377e5a57cc0ca83a719037b6cc2423589d0d6ab', '/c5a81647bfc8ec4175201fdafe7552e9.jpg', 2);
INSERT INTO `book_file` (`id`, `hash`, `path`, `type_id`) VALUES (18, 'f2de2d7d9a9899f3016266a890c056854c5e993b', '/4fd97e47c39cdfe1579b22d6922bf4c7.jpg', 3);
INSERT INTO `book_file` (`id`, `hash`, `path`, `type_id`) VALUES (19, '0430272e9e6869eae1fe60424417737b7f52d783', '/8b0cd4962e77184ac1b781f996a65002.jpg', 4);
INSERT INTO `book_file` (`id`, `hash`, `path`, `type_id`) VALUES (20, '48095c20607527e0255b49718b298108a08e474d', '/3cc0e51e7ec3b79c4fc4d27988526858.jpg', 5);
INSERT INTO `book_file` (`id`, `hash`, `path`, `type_id`) VALUES (21, 'fc8d156aca87407c3a9611c1448d1587cf81514c', '/af823068470980aa2064e95445adc77c.jpg', 1);
INSERT INTO `book_file` (`id`, `hash`, `path`, `type_id`) VALUES (22, '333345a38d9eca157969237c5cde724b1ead7425', '/a73a19f2d0d37d00f8ffcb9e8fcea1cd.jpg', 2);
INSERT INTO `book_file` (`id`, `hash`, `path`, `type_id`) VALUES (23, '706e55d7637b1b57352fd1a35b7511ca99820e16', '/781e019e88019c28bd0db30a2a8ca4f9.jpg', 3);
INSERT INTO `book_file` (`id`, `hash`, `path`, `type_id`) VALUES (24, 'e9dad7e25409cade48eb88cb5bc36fdf77379635', '/ec40c360ea445e3227dc8122e7179cc3.jpg', 4);
INSERT INTO `book_file` (`id`, `hash`, `path`, `type_id`) VALUES (25, 'f719a31b6e830e456f588f40d5dab73b34889889', '/d48f7f83f17495063b2bb9d84aa8a3a5.jpg', 5);
INSERT INTO `book_file` (`id`, `hash`, `path`, `type_id`) VALUES (26, '7cf47e9ea9e3aaca041dcfd08b185c5646237301', '/6c88ff1d92261a7967e041db18afdfac.jpg', 1);
INSERT INTO `book_file` (`id`, `hash`, `path`, `type_id`) VALUES (27, '4f4036e840e4cd1207dea85c1985a88ddcf2f04d', '/ec34c3bd6079d5d79584aba59ed78adc.jpg', 2);
INSERT INTO `book_file` (`id`, `hash`, `path`, `type_id`) VALUES (28, '3d72285f025802e0da9e9523d9543cf8a694214e', '/741396b1381bfd615a011ee266e591d8.jpg', 3);
INSERT INTO `book_file` (`id`, `hash`, `path`, `type_id`) VALUES (29, 'e429ca9189682f42e9ea42143488a49a2a60f23a', '/172be62251a47fc175584ad34b21eaee.jpg', 4);
INSERT INTO `book_file` (`id`, `hash`, `path`, `type_id`) VALUES (30, '16918ca4c996498a1d003da7079420bc26bb3c38', '/a557b49b94819eccba470e755d106a47.jpg', 5);
INSERT INTO `book_file` (`id`, `hash`, `path`, `type_id`) VALUES (31, '2c1a91df4e6471eed8e824dcf4c38af2b035025b', '/2f50b0320564b793fcf7edd8b0a77a7f.jpg', 1);
INSERT INTO `book_file` (`id`, `hash`, `path`, `type_id`) VALUES (32, '3c656563e274c26db4e6b74679f64350b3c0e5a8', '/e8fb195379ff277bcad8fe8c7fd236c9.jpg', 2);
INSERT INTO `book_file` (`id`, `hash`, `path`, `type_id`) VALUES (33, 'd53208946bb7e855571056e52a05f6f096401b62', '/df2d3db5dede805b1322682aa6e70a33.jpg', 3);
INSERT INTO `book_file` (`id`, `hash`, `path`, `type_id`) VALUES (34, '4e35695c6b7893d99b204c358218d4553e079e45', '/951ee60bfebdce952e03a42e0c0c3f52.jpg', 4);
INSERT INTO `book_file` (`id`, `hash`, `path`, `type_id`) VALUES (35, '842c89d7adee24814cc3a0cd7c1c75de2670904c', '/521a6fc542689e0704b39117f9f74516.jpg', 5);
INSERT INTO `book_file` (`id`, `hash`, `path`, `type_id`) VALUES (36, '95be592f221eaecc5e63142e6d5472d8723a77de', '/df389577a5bc7bfa026bfe697649ec36.jpg', 1);
INSERT INTO `book_file` (`id`, `hash`, `path`, `type_id`) VALUES (37, 'ac9faf9b8ea8a5e538e459a7f112c13b97e21c06', '/cf3c691e3c37a0a41b70e4e9f634de39.jpg', 2);
INSERT INTO `book_file` (`id`, `hash`, `path`, `type_id`) VALUES (38, 'eecd6f98f13643c74c22f779c390b9529e429e2a', '/b0e3707ab6f4102c93e108b34d78f3fe.jpg', 3);
INSERT INTO `book_file` (`id`, `hash`, `path`, `type_id`) VALUES (39, 'c113d5d4ea2fc8fc2921c3a6bd40fcb50bf9a63a', '/6e0172438fb3b4ad7844ee6433d4b4cc.jpg', 4);
INSERT INTO `book_file` (`id`, `hash`, `path`, `type_id`) VALUES (40, 'a49563e9b27cf4584fbc151ea7f91082eb0c4d10', '/b3179ce16ebd3a1c9f699b376f6be126.jpg', 5);


#
# TABLE STRUCTURE FOR: book_review
#



INSERT INTO `book_review` (`id`, `book_id`, `text`, `time`, `user_id`) VALUES (1, 1, 'Dignissimos velit sit aut ut. Eligendi adipisci mollitia exercitationem fugit similique. Dolores rerum ex at doloribus.', '2019-08-15 09:09:59', 1);
INSERT INTO `book_review` (`id`, `book_id`, `text`, `time`, `user_id`) VALUES (2, 2, 'Deleniti aut impedit vel vel. Dolor qui voluptatem et qui qui in. Ducimus ex quo aut voluptas eius consequatur exercitationem.', '2020-08-15 13:56:28', 2);
INSERT INTO `book_review` (`id`, `book_id`, `text`, `time`, `user_id`) VALUES (3, 3, 'Ex ducimus repellendus sunt facilis voluptatem. Est quia soluta amet odit minima nesciunt exercitationem. Officia et vel totam exercitationem id.', '2020-10-07 19:00:30', 3);
INSERT INTO `book_review` (`id`, `book_id`, `text`, `time`, `user_id`) VALUES (4, 4, 'Qui est laudantium sit voluptatum qui. Nihil deleniti iure minus aspernatur. Perspiciatis autem voluptatibus minus autem dolor.', '2019-10-29 11:43:41', 4);
INSERT INTO `book_review` (`id`, `book_id`, `text`, `time`, `user_id`) VALUES (5, 5, 'Eum soluta aut corporis beatae rerum aut omnis. Ullam modi facere laborum eligendi quis. Quidem nobis facilis perferendis consequatur eveniet iste. Impedit odit aspernatur ut officia.', '2021-09-29 23:30:55', 5);
INSERT INTO `book_review` (`id`, `book_id`, `text`, `time`, `user_id`) VALUES (6, 6, 'Maiores voluptatibus voluptate autem deserunt. Provident debitis at vitae. Labore est est ea.', '2019-11-17 08:37:01', 6);
INSERT INTO `book_review` (`id`, `book_id`, `text`, `time`, `user_id`) VALUES (7, 7, 'Ut cum quasi quia sequi. Repellat quibusdam a est hic ratione delectus deserunt. Necessitatibus in aliquid dignissimos omnis architecto. Nihil doloremque reiciendis vero voluptatem quidem molestiae.', '2019-06-18 23:54:36', 7);
INSERT INTO `book_review` (`id`, `book_id`, `text`, `time`, `user_id`) VALUES (8, 8, 'Sed neque voluptatem quae possimus saepe modi. Cupiditate dicta assumenda enim sint quaerat dolore. Saepe asperiores quam rerum voluptatem.', '2020-01-31 07:36:16', 8);
INSERT INTO `book_review` (`id`, `book_id`, `text`, `time`, `user_id`) VALUES (9, 9, 'Illum est rerum recusandae qui sit itaque. Eos inventore asperiores consequatur. Dolorem voluptas qui quia accusamus et sit aspernatur.', '2023-02-04 06:20:56', 9);
INSERT INTO `book_review` (`id`, `book_id`, `text`, `time`, `user_id`) VALUES (10, 10, 'Ipsam et et assumenda recusandae. Vero assumenda quibusdam quia atque nesciunt consequuntur. Accusantium hic exercitationem voluptatem aliquam et vero.', '2022-02-14 14:11:17', 10);
INSERT INTO `book_review` (`id`, `book_id`, `text`, `time`, `user_id`) VALUES (11, 11, 'Aut fuga dolorem ut eum. Vero autem aut vitae et. Sint molestiae sed explicabo. Dolor voluptatem ullam saepe id dolore.', '2022-04-28 15:49:10', 11);
INSERT INTO `book_review` (`id`, `book_id`, `text`, `time`, `user_id`) VALUES (12, 12, 'Dolorem atque iste autem eos facere. Enim qui adipisci aliquid est voluptas aliquid. Aut molestias ducimus est ab reiciendis quidem illum. Sunt aut nihil saepe facere quia et modi.', '2018-11-04 06:08:29', 12);
INSERT INTO `book_review` (`id`, `book_id`, `text`, `time`, `user_id`) VALUES (13, 13, 'Sint excepturi voluptatem ipsam laudantium cum quae fugiat. Voluptas laudantium ad quae omnis. Qui quos quia corrupti. Eaque doloribus perferendis perferendis quis dicta quo.', '2021-03-09 09:03:29', 13);
INSERT INTO `book_review` (`id`, `book_id`, `text`, `time`, `user_id`) VALUES (14, 14, 'Aliquam quas quia ipsa eveniet ratione ipsam ut. Eveniet ea modi omnis illum sit. Non vel deleniti placeat distinctio eos est dolores aliquid.', '2019-12-10 13:49:28', 14);
INSERT INTO `book_review` (`id`, `book_id`, `text`, `time`, `user_id`) VALUES (15, 15, 'Tenetur aut delectus laudantium quae. Et ad ut cupiditate quod. Est veniam odio sunt explicabo illo sit. Enim ratione est est molestias.', '2023-05-18 22:54:42', 15);
INSERT INTO `book_review` (`id`, `book_id`, `text`, `time`, `user_id`) VALUES (16, 16, 'Magni velit sunt omnis illum iste voluptatibus. Et nihil id iusto non. Dolorum ex facere quo dolor accusamus labore.', '2019-01-24 21:06:22', 1);
INSERT INTO `book_review` (`id`, `book_id`, `text`, `time`, `user_id`) VALUES (17, 17, 'Libero laudantium suscipit vel corrupti eaque eaque. Autem iure a veniam. Et ab enim repellat consequuntur. Omnis at iure veritatis quaerat voluptatem.', '2019-05-14 22:42:02', 2);
INSERT INTO `book_review` (`id`, `book_id`, `text`, `time`, `user_id`) VALUES (18, 18, 'Eveniet quia praesentium velit sed quis. Facere repellendus eveniet at odio ut veniam tempora. Velit quis non cumque hic.', '2022-01-31 00:21:45', 3);
INSERT INTO `book_review` (`id`, `book_id`, `text`, `time`, `user_id`) VALUES (19, 19, 'Quasi officiis tempore alias aspernatur eveniet. Sint quae ut deleniti. Eum odit sunt est laudantium ad maiores. Et accusamus ut beatae facere recusandae dolores.', '2020-11-16 14:06:24', 4);
INSERT INTO `book_review` (`id`, `book_id`, `text`, `time`, `user_id`) VALUES (20, 20, 'Maxime ut in et similique explicabo animi doloremque asperiores. Cumque eius quidem est excepturi error. Dolor corrupti velit numquam perferendis ut perferendis maxime.', '2019-11-20 03:40:29', 5);
INSERT INTO `book_review` (`id`, `book_id`, `text`, `time`, `user_id`) VALUES (21, 21, 'Nostrum quod sed illo reprehenderit ratione. Consequatur qui quod corrupti voluptate. Est et sed eveniet molestiae. Ab alias vel aut dolorum cupiditate ad maxime quo.', '2020-12-14 04:21:08', 6);
INSERT INTO `book_review` (`id`, `book_id`, `text`, `time`, `user_id`) VALUES (22, 22, 'Ipsum quia et sed tenetur fuga. Ipsam dolores quo vel sunt. Illo omnis repudiandae tempore est rem dignissimos.', '2020-11-22 15:28:07', 7);
INSERT INTO `book_review` (`id`, `book_id`, `text`, `time`, `user_id`) VALUES (23, 23, 'Vel voluptates quidem autem doloremque. Porro veniam molestiae sed sunt perspiciatis deserunt aliquam. Eligendi at atque nihil ut optio sed. Ad reprehenderit qui in vitae perferendis odit ipsam.', '2019-12-03 19:16:44', 8);
INSERT INTO `book_review` (`id`, `book_id`, `text`, `time`, `user_id`) VALUES (24, 24, 'Aliquam possimus tempora magni. Sed et vel sit est repellat. Repudiandae sit et voluptatem tempore doloremque minus consequatur. Quia facilis nobis vel iste libero ea eius accusamus.', '2022-04-18 01:59:55', 9);
INSERT INTO `book_review` (`id`, `book_id`, `text`, `time`, `user_id`) VALUES (25, 25, 'Debitis dolorum totam incidunt iste et. Dolorum rem alias hic nobis. Beatae autem reiciendis doloribus soluta quod tenetur et.', '2019-03-06 14:16:29', 10);
INSERT INTO `book_review` (`id`, `book_id`, `text`, `time`, `user_id`) VALUES (26, 26, 'Dolores sunt et sapiente deleniti. Maiores esse ea expedita dolor ipsam doloribus. Mollitia possimus dicta perspiciatis facere placeat iste in necessitatibus.', '2023-02-25 01:28:02', 11);
INSERT INTO `book_review` (`id`, `book_id`, `text`, `time`, `user_id`) VALUES (27, 27, 'Ut error ipsa illo voluptatum totam. Est distinctio reiciendis eius sit voluptatum quo. Sed voluptas mollitia dignissimos non necessitatibus et.', '2021-06-21 20:15:57', 12);
INSERT INTO `book_review` (`id`, `book_id`, `text`, `time`, `user_id`) VALUES (28, 28, 'Expedita cumque ut necessitatibus tempore porro officia. Nemo consectetur nam iusto officia. Nam similique nesciunt molestiae tenetur saepe quis. Sint quidem minus qui ea.', '2023-05-01 01:48:17', 13);
INSERT INTO `book_review` (`id`, `book_id`, `text`, `time`, `user_id`) VALUES (29, 29, 'Occaecati quis tenetur ab est facilis temporibus impedit. Iure consequatur voluptatem sit hic quidem sit. Dolorum esse nostrum rerum in dolores.', '2022-01-12 14:54:44', 14);
INSERT INTO `book_review` (`id`, `book_id`, `text`, `time`, `user_id`) VALUES (30, 30, 'Debitis dolore autem totam nulla. Quia veniam perferendis non est voluptas. Vel accusantium id ducimus autem. Consequatur repellendus praesentium autem nihil qui quibusdam ipsa.', '2023-05-07 07:51:47', 15);
INSERT INTO `book_review` (`id`, `book_id`, `text`, `time`, `user_id`) VALUES (31, 31, 'Earum quia ut temporibus et ipsa minus et reprehenderit. Distinctio delectus quisquam sed voluptatem est architecto veritatis id. Perferendis ex animi sed optio.', '2019-11-10 00:55:22', 1);
INSERT INTO `book_review` (`id`, `book_id`, `text`, `time`, `user_id`) VALUES (32, 32, 'Dolore eius quo nisi molestiae exercitationem. Cumque nemo esse occaecati beatae non hic iure repudiandae. Architecto ut nostrum voluptas aliquam veritatis dicta perspiciatis.', '2019-08-21 09:44:31', 2);
INSERT INTO `book_review` (`id`, `book_id`, `text`, `time`, `user_id`) VALUES (33, 33, 'Deleniti quasi necessitatibus ab dolorem. Aut sit voluptas odio vel. Quia dolorum excepturi ullam iste cumque est. Eligendi non consequatur aut id delectus quo officiis fugiat.', '2020-07-11 15:02:56', 3);
INSERT INTO `book_review` (`id`, `book_id`, `text`, `time`, `user_id`) VALUES (34, 34, 'Eveniet nisi ad delectus omnis recusandae qui vitae aut. Dolorem illo est et non optio quo fuga. Nihil sit quae ullam minima atque nihil necessitatibus.', '2023-02-01 06:01:40', 4);
INSERT INTO `book_review` (`id`, `book_id`, `text`, `time`, `user_id`) VALUES (35, 35, 'Vel veritatis assumenda qui incidunt enim exercitationem. Aut aspernatur aliquid nihil. Dolor nisi libero est quia eos eos.', '2021-07-25 02:27:21', 5);
INSERT INTO `book_review` (`id`, `book_id`, `text`, `time`, `user_id`) VALUES (36, 36, 'Assumenda quisquam quo a. Ex quam voluptatem magni. Enim saepe quae dolor. Qui modi quo ea dolor suscipit quos aut.', '2022-11-04 06:18:51', 6);
INSERT INTO `book_review` (`id`, `book_id`, `text`, `time`, `user_id`) VALUES (37, 37, 'Ullam autem molestiae ut odio. Quas et labore aut deleniti assumenda. Saepe quasi ut error. Aliquam et et molestiae dolorem eos.', '2021-07-18 10:57:16', 7);
INSERT INTO `book_review` (`id`, `book_id`, `text`, `time`, `user_id`) VALUES (38, 38, 'Nihil deserunt ad assumenda recusandae. Repudiandae corporis eligendi nobis fugit. A consequatur consequatur at. Adipisci aut hic consequatur fuga.', '2021-08-27 09:56:19', 8);
INSERT INTO `book_review` (`id`, `book_id`, `text`, `time`, `user_id`) VALUES (39, 39, 'Molestias aut quas quidem sint accusantium repellat. Officiis tempore odit eveniet. Dolorem sed qui perferendis eaque facere. Et est consequuntur delectus nisi incidunt et voluptas.', '2022-08-25 10:08:34', 9);
INSERT INTO `book_review` (`id`, `book_id`, `text`, `time`, `user_id`) VALUES (40, 40, 'Quia perspiciatis soluta ut mollitia. Blanditiis nulla distinctio eveniet magni ut dolores. Et quo facilis consequatur ex doloremque.', '2023-08-25 03:57:02', 10);
INSERT INTO `book_review` (`id`, `book_id`, `text`, `time`, `user_id`) VALUES (41, 1, 'Officia labore explicabo repellat minima. Similique repellat accusantium voluptas reiciendis et iure aperiam consectetur. Voluptatum voluptas expedita sed qui.', '2023-09-21 15:19:18', 11);
INSERT INTO `book_review` (`id`, `book_id`, `text`, `time`, `user_id`) VALUES (42, 2, 'Excepturi vero quibusdam quo unde reiciendis. Facere error numquam placeat dolor qui non labore. Eius ut in beatae dolores eligendi. Quis accusantium quis voluptas corrupti ad at.', '2021-07-19 13:37:01', 12);
INSERT INTO `book_review` (`id`, `book_id`, `text`, `time`, `user_id`) VALUES (43, 3, 'Ut placeat labore voluptates in voluptatibus ad tenetur. Enim modi consectetur rerum. Deserunt expedita recusandae laudantium aperiam harum ut asperiores.', '2020-04-12 23:30:40', 13);
INSERT INTO `book_review` (`id`, `book_id`, `text`, `time`, `user_id`) VALUES (44, 4, 'Unde id qui natus in ipsum voluptatum vel. Fugit rerum error quo laborum sit et. Ad sit expedita quaerat quo inventore. Est in minus tempora perspiciatis.', '2019-02-13 22:56:24', 14);
INSERT INTO `book_review` (`id`, `book_id`, `text`, `time`, `user_id`) VALUES (45, 5, 'Et dolorem qui et sunt quaerat sunt consequuntur. Doloremque numquam omnis tempore eligendi rerum veritatis incidunt. Aut vitae quam vitae nisi aliquid adipisci. Commodi sint eum aut voluptatem qui.', '2021-06-21 15:23:06', 15);
INSERT INTO `book_review` (`id`, `book_id`, `text`, `time`, `user_id`) VALUES (46, 6, 'Accusamus iste provident nostrum commodi quia qui placeat. Magni quis voluptas facilis nesciunt vero. Consequatur deserunt dolorem beatae itaque amet repudiandae.', '2022-09-09 22:01:15', 1);
INSERT INTO `book_review` (`id`, `book_id`, `text`, `time`, `user_id`) VALUES (47, 7, 'Est sequi possimus numquam cumque suscipit. Consectetur aliquam minus ut ut eos ipsam. Quod dolorum et rerum fuga ut ipsa provident.', '2022-06-05 04:35:08', 2);
INSERT INTO `book_review` (`id`, `book_id`, `text`, `time`, `user_id`) VALUES (48, 8, 'Qui a corrupti corrupti facere laudantium recusandae quia. Ut dolorum esse est officia quaerat exercitationem. Fugiat debitis ducimus cupiditate impedit.', '2019-10-18 03:19:28', 3);
INSERT INTO `book_review` (`id`, `book_id`, `text`, `time`, `user_id`) VALUES (49, 9, 'Quidem minima commodi itaque. Officiis nisi sunt et doloribus exercitationem natus. Eligendi eaque et possimus nesciunt dolorem.', '2023-08-26 21:26:53', 4);
INSERT INTO `book_review` (`id`, `book_id`, `text`, `time`, `user_id`) VALUES (50, 10, 'Natus ullam consequatur sunt rerum saepe architecto at mollitia. Quos rerum suscipit aut eos aut omnis. Voluptates tenetur rerum ullam.', '2022-07-01 05:13:22', 5);


#
# TABLE STRUCTURE FOR: book_review_like
#


INSERT INTO `book_review_like` (`id`, `review_id`, `time`, `user_id`, `value`) VALUES (1, 1, '2018-12-11 03:34:34', 1, 1);
INSERT INTO `book_review_like` (`id`, `review_id`, `time`, `user_id`, `value`) VALUES (2, 2, '2019-10-08 02:17:10', 2, 7);
INSERT INTO `book_review_like` (`id`, `review_id`, `time`, `user_id`, `value`) VALUES (3, 3, '2019-02-10 16:09:00', 3, 2);
INSERT INTO `book_review_like` (`id`, `review_id`, `time`, `user_id`, `value`) VALUES (4, 4, '2023-03-02 00:28:06', 4, 7);
INSERT INTO `book_review_like` (`id`, `review_id`, `time`, `user_id`, `value`) VALUES (5, 5, '2022-05-04 22:19:38', 5, 1);
INSERT INTO `book_review_like` (`id`, `review_id`, `time`, `user_id`, `value`) VALUES (6, 6, '2019-11-07 07:52:48', 6, 8);
INSERT INTO `book_review_like` (`id`, `review_id`, `time`, `user_id`, `value`) VALUES (7, 7, '2018-12-07 22:31:11', 7, 3);
INSERT INTO `book_review_like` (`id`, `review_id`, `time`, `user_id`, `value`) VALUES (8, 8, '2019-05-01 22:29:50', 8, 4);
INSERT INTO `book_review_like` (`id`, `review_id`, `time`, `user_id`, `value`) VALUES (9, 9, '2022-05-17 16:54:13', 9, 8);
INSERT INTO `book_review_like` (`id`, `review_id`, `time`, `user_id`, `value`) VALUES (10, 10, '2021-09-03 00:18:50', 10, 7);
INSERT INTO `book_review_like` (`id`, `review_id`, `time`, `user_id`, `value`) VALUES (11, 11, '2020-04-27 19:17:30', 11, 7);
INSERT INTO `book_review_like` (`id`, `review_id`, `time`, `user_id`, `value`) VALUES (12, 12, '2023-09-02 12:17:15', 12, 2);
INSERT INTO `book_review_like` (`id`, `review_id`, `time`, `user_id`, `value`) VALUES (13, 13, '2023-08-27 04:45:50', 13, 3);
INSERT INTO `book_review_like` (`id`, `review_id`, `time`, `user_id`, `value`) VALUES (14, 14, '2020-10-31 16:32:01', 14, 1);
INSERT INTO `book_review_like` (`id`, `review_id`, `time`, `user_id`, `value`) VALUES (15, 15, '2018-10-20 08:39:55', 15, 2);
INSERT INTO `book_review_like` (`id`, `review_id`, `time`, `user_id`, `value`) VALUES (16, 16, '2022-09-24 23:56:04', 1, 8);
INSERT INTO `book_review_like` (`id`, `review_id`, `time`, `user_id`, `value`) VALUES (17, 17, '2022-11-24 19:14:42', 2, 4);
INSERT INTO `book_review_like` (`id`, `review_id`, `time`, `user_id`, `value`) VALUES (18, 18, '2021-05-11 05:53:48', 3, 7);
INSERT INTO `book_review_like` (`id`, `review_id`, `time`, `user_id`, `value`) VALUES (19, 19, '2020-06-10 07:39:16', 4, 7);
INSERT INTO `book_review_like` (`id`, `review_id`, `time`, `user_id`, `value`) VALUES (20, 20, '2022-10-18 02:24:18', 5, 3);
INSERT INTO `book_review_like` (`id`, `review_id`, `time`, `user_id`, `value`) VALUES (21, 21, '2020-04-02 19:03:37', 6, 5);
INSERT INTO `book_review_like` (`id`, `review_id`, `time`, `user_id`, `value`) VALUES (22, 22, '2021-01-08 04:21:44', 7, 4);
INSERT INTO `book_review_like` (`id`, `review_id`, `time`, `user_id`, `value`) VALUES (23, 23, '2020-12-17 04:07:08', 8, 9);
INSERT INTO `book_review_like` (`id`, `review_id`, `time`, `user_id`, `value`) VALUES (24, 24, '2023-01-29 10:29:56', 9, 9);
INSERT INTO `book_review_like` (`id`, `review_id`, `time`, `user_id`, `value`) VALUES (25, 25, '2021-11-22 06:47:26', 10, 6);
INSERT INTO `book_review_like` (`id`, `review_id`, `time`, `user_id`, `value`) VALUES (26, 26, '2020-03-10 10:29:33', 11, 2);
INSERT INTO `book_review_like` (`id`, `review_id`, `time`, `user_id`, `value`) VALUES (27, 27, '2019-07-05 02:59:27', 12, 4);
INSERT INTO `book_review_like` (`id`, `review_id`, `time`, `user_id`, `value`) VALUES (28, 28, '2020-06-20 14:35:19', 13, 9);
INSERT INTO `book_review_like` (`id`, `review_id`, `time`, `user_id`, `value`) VALUES (29, 29, '2022-09-08 19:47:52', 14, 3);
INSERT INTO `book_review_like` (`id`, `review_id`, `time`, `user_id`, `value`) VALUES (30, 30, '2019-08-27 18:42:25', 15, 3);
INSERT INTO `book_review_like` (`id`, `review_id`, `time`, `user_id`, `value`) VALUES (31, 31, '2022-06-08 08:37:10', 1, 8);
INSERT INTO `book_review_like` (`id`, `review_id`, `time`, `user_id`, `value`) VALUES (32, 32, '2021-07-14 10:46:52', 2, 4);
INSERT INTO `book_review_like` (`id`, `review_id`, `time`, `user_id`, `value`) VALUES (33, 33, '2023-05-21 12:02:19', 3, 2);
INSERT INTO `book_review_like` (`id`, `review_id`, `time`, `user_id`, `value`) VALUES (34, 34, '2019-05-20 23:29:38', 4, 1);
INSERT INTO `book_review_like` (`id`, `review_id`, `time`, `user_id`, `value`) VALUES (35, 35, '2021-12-21 12:38:33', 5, 4);
INSERT INTO `book_review_like` (`id`, `review_id`, `time`, `user_id`, `value`) VALUES (36, 36, '2019-02-03 14:42:41', 6, 5);
INSERT INTO `book_review_like` (`id`, `review_id`, `time`, `user_id`, `value`) VALUES (37, 37, '2019-01-03 18:13:31', 7, 3);
INSERT INTO `book_review_like` (`id`, `review_id`, `time`, `user_id`, `value`) VALUES (38, 38, '2019-09-07 20:09:53', 8, 3);
INSERT INTO `book_review_like` (`id`, `review_id`, `time`, `user_id`, `value`) VALUES (39, 39, '2022-11-27 23:24:17', 9, 8);
INSERT INTO `book_review_like` (`id`, `review_id`, `time`, `user_id`, `value`) VALUES (40, 40, '2022-06-15 23:34:49', 10, 5);



#
# TABLE STRUCTURE FOR: document
#

INSERT INTO `document` (`id`, `slug`, `sort_index`, `text`, `title`) VALUES (1, '71 qh', 7, 'Occaecati ipsum iusto ex porro molestiae modi. Ipsum porro qui neque. Et sed reiciendis facere fuga perferendis.', 'Aliquid ea accusantium ut quam eveniet saepe.');
INSERT INTO `document` (`id`, `slug`, `sort_index`, `text`, `title`) VALUES (2, '61 sk', 9, 'Et ut odit eum cumque. Aut necessitatibus labore officia iusto. Expedita excepturi soluta voluptatum dignissimos voluptas quasi.', 'Rerum provident omnis sunt omnis et.');
INSERT INTO `document` (`id`, `slug`, `sort_index`, `text`, `title`) VALUES (3, '31 at', 8, 'Officia nam dolores labore quo. Error odit ab labore est quasi qui dolorem. Ullam molestias vitae dolor minus asperiores sed quia.', 'Nemo tenetur sit incidunt eos similique unde ut et.');
INSERT INTO `document` (`id`, `slug`, `sort_index`, `text`, `title`) VALUES (4, '39 az', 3, 'Nobis sit perspiciatis dolores. Sed in in molestiae repudiandae omnis in magnam. Repudiandae quidem omnis at aliquid consequatur voluptate et expedita.', 'Rerum est odio ipsa dignissimos.');
INSERT INTO `document` (`id`, `slug`, `sort_index`, `text`, `title`) VALUES (5, '36 fj', 5, 'Amet quas odio totam qui. Ipsum qui odit soluta iste saepe. Et et ullam temporibus et. Quae vel vel laudantium voluptatem quo repellendus.', 'Vitae veritatis suscipit velit iure et quas magnam.');
INSERT INTO `document` (`id`, `slug`, `sort_index`, `text`, `title`) VALUES (6, '26 pd', 5, 'Sed consectetur ut reprehenderit corporis. Architecto id accusantium rerum aut sed et. Labore repudiandae perferendis debitis nihil.', 'Minus aut et vel et qui commodi earum.');
INSERT INTO `document` (`id`, `slug`, `sort_index`, `text`, `title`) VALUES (7, '00 dl', 5, 'Aperiam quia voluptas aperiam nihil sint. Reprehenderit id repellendus mollitia fuga eos et quia. Delectus voluptatem accusamus eum molestiae quisquam necessitatibus dolorem.', 'Tenetur pariatur at aut dicta et eius.');
INSERT INTO `document` (`id`, `slug`, `sort_index`, `text`, `title`) VALUES (8, '74 hg', 8, 'Nam eaque aut praesentium voluptatum. Tenetur eaque enim nulla pariatur non. Eligendi nihil consequatur doloremque voluptas explicabo fugit rem.', 'Ut debitis et omnis possimus ipsam unde.');
INSERT INTO `document` (`id`, `slug`, `sort_index`, `text`, `title`) VALUES (9, '91 lh', 6, 'Cupiditate aut voluptatem id sunt officia et. Temporibus sit repudiandae maiores temporibus quos veniam. Ut aliquam velit quam vitae. Et ullam quia delectus amet.', 'Et in officiis numquam sed aut quasi.');
INSERT INTO `document` (`id`, `slug`, `sort_index`, `text`, `title`) VALUES (10, '81 os', 9, 'Facere iste sint non minus labore aperiam eos. Iusto facilis possimus repellat pariatur. Ut sequi distinctio et exercitationem distinctio et. Nemo sed nisi fugit aliquid magnam saepe fugiat aut.', 'Ut laudantium qui sint consequatur facere.');
INSERT INTO `document` (`id`, `slug`, `sort_index`, `text`, `title`) VALUES (11, '30 lg', 5, 'Aspernatur soluta sed adipisci. Reiciendis eaque vel vel ad saepe facilis quaerat. Tempore id aliquid veniam expedita est nisi ipsum.', 'Aut ut enim at itaque nostrum voluptatum.');
INSERT INTO `document` (`id`, `slug`, `sort_index`, `text`, `title`) VALUES (12, '85 vb', 6, 'Ut et autem ducimus. Vel magnam sit amet exercitationem omnis eos. Eveniet optio quo quia aut dolorem. Est rerum voluptatem nobis id.', 'Quia quas nisi reprehenderit fugiat velit distinctio.');
INSERT INTO `document` (`id`, `slug`, `sort_index`, `text`, `title`) VALUES (13, '19 rd', 2, 'Perspiciatis et sed perspiciatis voluptas. Corporis eius sed est vero porro provident ut. Odit perspiciatis ex sequi. Est reprehenderit voluptatem debitis porro sint.', 'Accusamus et sint assumenda.');
INSERT INTO `document` (`id`, `slug`, `sort_index`, `text`, `title`) VALUES (14, '35 bg', 9, 'Neque et sed aut dolores. Est voluptatem ex pariatur rerum quos voluptate. Et totam architecto qui impedit quibusdam nemo facilis. Impedit nemo qui consequatur iure animi quidem dolore.', 'Aliquam ipsa error error et qui.');
INSERT INTO `document` (`id`, `slug`, `sort_index`, `text`, `title`) VALUES (15, '59 nf', 6, 'Totam ut aperiam fugiat at quo. Omnis dolorem qui harum. Dolor et atque qui harum aperiam. Ut labore quo atque.', 'Quia a voluptatum facere omnis temporibus et id.');
INSERT INTO `document` (`id`, `slug`, `sort_index`, `text`, `title`) VALUES (16, '64 xy', 3, 'Optio illo aut dolores aperiam. Sed eius aliquam dolor vitae corrupti libero iste. Consequatur occaecati praesentium dolor qui.', 'Dolores vel aut sed unde laborum repudiandae.');
INSERT INTO `document` (`id`, `slug`, `sort_index`, `text`, `title`) VALUES (17, '74 ah', 2, 'Aliquid eos quia corrupti saepe. Sequi reprehenderit est dolores deserunt adipisci voluptatibus. Eos sit aut nesciunt suscipit. Vitae excepturi quasi voluptates.', 'Voluptatibus tempora ullam quasi velit.');
INSERT INTO `document` (`id`, `slug`, `sort_index`, `text`, `title`) VALUES (18, '52 li', 3, 'Rerum dolores dolorem eos aut. Ipsam et sit unde ut necessitatibus autem. Saepe quo incidunt rerum quo provident sit. Nihil quo quis voluptatem fugiat eaque.', 'Provident assumenda aut itaque non.');
INSERT INTO `document` (`id`, `slug`, `sort_index`, `text`, `title`) VALUES (19, '46 uv', 9, 'Adipisci nisi ut dolore nemo. Eligendi in suscipit iure similique voluptatem. Mollitia assumenda quo consequatur impedit velit quam.', 'Et quasi voluptas quisquam voluptas error quae eligendi.');
INSERT INTO `document` (`id`, `slug`, `sort_index`, `text`, `title`) VALUES (20, '68 lc', 3, 'Atque consequatur magnam eaque non sequi fugiat. Rerum quo quia quae.\nNumquam qui dicta exercitationem rerum quia. Quidem sapiente libero nemo autem aut harum.', 'Ducimus quis repudiandae illo quia non.');
INSERT INTO `document` (`id`, `slug`, `sort_index`, `text`, `title`) VALUES (21, '08 ht', 6, 'Iusto animi fuga aut perspiciatis quae. Esse facilis doloribus repellendus voluptatibus vitae quidem ducimus quae. Aperiam ut recusandae explicabo et minima.', 'In et id aut veritatis.');
INSERT INTO `document` (`id`, `slug`, `sort_index`, `text`, `title`) VALUES (22, '71 rm', 9, 'Est et non voluptate. Et ut aut minus suscipit totam provident saepe perspiciatis.', 'Tempora veritatis repudiandae asperiores quae deleniti.');
INSERT INTO `document` (`id`, `slug`, `sort_index`, `text`, `title`) VALUES (23, '64 hm', 3, 'Dolore voluptate dolores est et ut accusamus odio. Deserunt beatae illum saepe nihil. Minima itaque commodi odio eum.', 'Reprehenderit enim reiciendis aperiam fugiat qui accusamus.');
INSERT INTO `document` (`id`, `slug`, `sort_index`, `text`, `title`) VALUES (24, '68 oo', 7, 'Et odio excepturi quibusdam error. Fugiat quidem tenetur molestias iusto excepturi ut. Odit eius consequatur maxime tempore dolores. Occaecati quos voluptatum voluptatibus aliquid natus ut.', 'Enim molestiae deserunt repellat adipisci illum.');
INSERT INTO `document` (`id`, `slug`, `sort_index`, `text`, `title`) VALUES (25, '86 he', 2, 'Doloribus voluptatem non explicabo illum molestias eos sequi. Tempore maxime hic et sunt qui molestiae. Quos quis et vitae dolor ipsa velit. Facere quia amet ut.', 'Veritatis est vitae culpa sed in alias.');
INSERT INTO `document` (`id`, `slug`, `sort_index`, `text`, `title`) VALUES (26, '02 ur', 7, 'Ut non excepturi aspernatur fuga et nostrum vel. Blanditiis minima eius laudantium eligendi eos harum. Magnam eaque id totam itaque repellat ipsa. Sed sit sed veritatis illum.', 'Nihil vitae nobis voluptatem.');
INSERT INTO `document` (`id`, `slug`, `sort_index`, `text`, `title`) VALUES (27, '54 jl', 8, 'Cupiditate cupiditate et numquam. Placeat et qui deserunt harum consectetur incidunt enim. Alias eos eligendi ratione consequatur nihil. Voluptatem dolor et iure nihil.', 'Nostrum ut quas occaecati aut sed voluptas aut quis.');
INSERT INTO `document` (`id`, `slug`, `sort_index`, `text`, `title`) VALUES (28, '74 eg', 6, 'Inventore soluta blanditiis ipsam debitis. Recusandae quae maiores ipsam sit. Quidem accusamus et id commodi.', 'Maiores ea occaecati accusantium excepturi consequatur sunt.');
INSERT INTO `document` (`id`, `slug`, `sort_index`, `text`, `title`) VALUES (29, '65 tl', 5, 'Nihil ab consequatur ut in. Sit quasi sit odit. Ipsam dolorum at et excepturi.', 'Et labore possimus totam illum a.');
INSERT INTO `document` (`id`, `slug`, `sort_index`, `text`, `title`) VALUES (30, '06 bh', 8, 'Non voluptatem ut aperiam corrupti voluptas. Voluptatem est consequatur magnam ipsum voluptatem sint.', 'Facere vero doloremque doloremque.');


#
# TABLE STRUCTURE FOR: faq
#


INSERT INTO `faq` (`id`, `answer`, `question`, `sort_index`) VALUES (1, 'Atque eos perferendis et sed veniam ut ab ducimus.', 'Quia iste aut minima.', 7);
INSERT INTO `faq` (`id`, `answer`, `question`, `sort_index`) VALUES (2, 'Rem praesentium eligendi ut quibusdam.', 'Eos saepe tempora rerum voluptas.', 2);
INSERT INTO `faq` (`id`, `answer`, `question`, `sort_index`) VALUES (3, 'Non aliquam sint vero optio velit ipsum.', 'Voluptas sapiente quasi inventore voluptas incidunt.', 4);
INSERT INTO `faq` (`id`, `answer`, `question`, `sort_index`) VALUES (4, 'Excepturi et qui id dolore distinctio quo.', 'Asperiores architecto repudiandae eos.', 2);
INSERT INTO `faq` (`id`, `answer`, `question`, `sort_index`) VALUES (5, 'Non ut harum non corrupti.', 'Pariatur dolor alias culpa voluptatem sit et sit.', 6);
INSERT INTO `faq` (`id`, `answer`, `question`, `sort_index`) VALUES (6, 'Maiores voluptas tempora sapiente earum.', 'Sunt maiores et velit ut minus cupiditate vel porro.', 8);
INSERT INTO `faq` (`id`, `answer`, `question`, `sort_index`) VALUES (7, 'Sed et voluptatem qui illum harum praesentium aut laudantium.', 'Neque laudantium velit voluptatem temporibus dolores dicta.', 8);
INSERT INTO `faq` (`id`, `answer`, `question`, `sort_index`) VALUES (8, 'Officiis impedit dignissimos facere.', 'Maxime qui blanditiis qui laborum quos.', 4);
INSERT INTO `faq` (`id`, `answer`, `question`, `sort_index`) VALUES (9, 'Magnam esse explicabo quaerat animi voluptatem.', 'Sapiente repellat ipsum ducimus esse.', 7);
INSERT INTO `faq` (`id`, `answer`, `question`, `sort_index`) VALUES (10, 'Velit aut dolorum ea maiores enim quos.', 'Ea sunt modi quod ut voluptas architecto voluptas.', 2);
INSERT INTO `faq` (`id`, `answer`, `question`, `sort_index`) VALUES (11, 'Et velit doloribus omnis soluta magnam.', 'Quod ab veniam deleniti quaerat sed.', 2);
INSERT INTO `faq` (`id`, `answer`, `question`, `sort_index`) VALUES (12, 'Quae officia ex molestias distinctio ab quia accusamus.', 'Culpa et praesentium vel non et autem in.', 2);
INSERT INTO `faq` (`id`, `answer`, `question`, `sort_index`) VALUES (13, 'A sit dolor nostrum aliquid laboriosam.', 'Est adipisci consequatur placeat excepturi.', 2);
INSERT INTO `faq` (`id`, `answer`, `question`, `sort_index`) VALUES (14, 'Et aut eius inventore.', 'In enim illo ut.', 9);
INSERT INTO `faq` (`id`, `answer`, `question`, `sort_index`) VALUES (15, 'Ipsum veniam est totam adipisci quae dolorum.', 'Et rerum ex enim et enim.', 3);


#
# TABLE STRUCTURE FOR: file_download
#

INSERT INTO `file_download` (`id`, `book_id`, `count`, `user_id`) VALUES (1, 1, 2, 1);
INSERT INTO `file_download` (`id`, `book_id`, `count`, `user_id`) VALUES (2, 2, 14, 2);
INSERT INTO `file_download` (`id`, `book_id`, `count`, `user_id`) VALUES (3, 3, 20, 3);
INSERT INTO `file_download` (`id`, `book_id`, `count`, `user_id`) VALUES (4, 4, 8, 4);
INSERT INTO `file_download` (`id`, `book_id`, `count`, `user_id`) VALUES (5, 5, 3, 5);
INSERT INTO `file_download` (`id`, `book_id`, `count`, `user_id`) VALUES (6, 6, 17, 6);
INSERT INTO `file_download` (`id`, `book_id`, `count`, `user_id`) VALUES (7, 7, 19, 7);
INSERT INTO `file_download` (`id`, `book_id`, `count`, `user_id`) VALUES (8, 8, 9, 8);
INSERT INTO `file_download` (`id`, `book_id`, `count`, `user_id`) VALUES (9, 9, 5, 9);
INSERT INTO `file_download` (`id`, `book_id`, `count`, `user_id`) VALUES (10, 10, 9, 10);
INSERT INTO `file_download` (`id`, `book_id`, `count`, `user_id`) VALUES (11, 11, 14, 11);
INSERT INTO `file_download` (`id`, `book_id`, `count`, `user_id`) VALUES (12, 12, 20, 12);
INSERT INTO `file_download` (`id`, `book_id`, `count`, `user_id`) VALUES (13, 13, 2, 13);
INSERT INTO `file_download` (`id`, `book_id`, `count`, `user_id`) VALUES (14, 14, 16, 14);
INSERT INTO `file_download` (`id`, `book_id`, `count`, `user_id`) VALUES (15, 15, 19, 15);
INSERT INTO `file_download` (`id`, `book_id`, `count`, `user_id`) VALUES (16, 16, 17, 1);
INSERT INTO `file_download` (`id`, `book_id`, `count`, `user_id`) VALUES (17, 17, 8, 2);
INSERT INTO `file_download` (`id`, `book_id`, `count`, `user_id`) VALUES (18, 18, 9, 3);
INSERT INTO `file_download` (`id`, `book_id`, `count`, `user_id`) VALUES (19, 19, 1, 4);
INSERT INTO `file_download` (`id`, `book_id`, `count`, `user_id`) VALUES (20, 20, 11, 5);
INSERT INTO `file_download` (`id`, `book_id`, `count`, `user_id`) VALUES (21, 21, 8, 6);
INSERT INTO `file_download` (`id`, `book_id`, `count`, `user_id`) VALUES (22, 22, 20, 7);
INSERT INTO `file_download` (`id`, `book_id`, `count`, `user_id`) VALUES (23, 23, 6, 8);
INSERT INTO `file_download` (`id`, `book_id`, `count`, `user_id`) VALUES (24, 24, 5, 9);
INSERT INTO `file_download` (`id`, `book_id`, `count`, `user_id`) VALUES (25, 25, 12, 10);
INSERT INTO `file_download` (`id`, `book_id`, `count`, `user_id`) VALUES (26, 26, 2, 11);
INSERT INTO `file_download` (`id`, `book_id`, `count`, `user_id`) VALUES (27, 27, 11, 12);
INSERT INTO `file_download` (`id`, `book_id`, `count`, `user_id`) VALUES (28, 28, 8, 13);
INSERT INTO `file_download` (`id`, `book_id`, `count`, `user_id`) VALUES (29, 29, 5, 14);
INSERT INTO `file_download` (`id`, `book_id`, `count`, `user_id`) VALUES (30, 30, 18, 15);
INSERT INTO `file_download` (`id`, `book_id`, `count`, `user_id`) VALUES (31, 31, 13, 1);
INSERT INTO `file_download` (`id`, `book_id`, `count`, `user_id`) VALUES (32, 32, 16, 2);
INSERT INTO `file_download` (`id`, `book_id`, `count`, `user_id`) VALUES (33, 33, 18, 3);
INSERT INTO `file_download` (`id`, `book_id`, `count`, `user_id`) VALUES (34, 34, 17, 4);
INSERT INTO `file_download` (`id`, `book_id`, `count`, `user_id`) VALUES (35, 35, 16, 5);
INSERT INTO `file_download` (`id`, `book_id`, `count`, `user_id`) VALUES (36, 36, 10, 6);
INSERT INTO `file_download` (`id`, `book_id`, `count`, `user_id`) VALUES (37, 37, 7, 7);
INSERT INTO `file_download` (`id`, `book_id`, `count`, `user_id`) VALUES (38, 38, 12, 8);
INSERT INTO `file_download` (`id`, `book_id`, `count`, `user_id`) VALUES (39, 39, 3, 9);
INSERT INTO `file_download` (`id`, `book_id`, `count`, `user_id`) VALUES (40, 40, 16, 10);


#
# TABLE STRUCTURE FOR: message
#


INSERT INTO `message` (`id`, `email`, `name`, `subject`, `text`, `time`, `user_id`) VALUES (1, 'swaniawski.eloise@example.org', 'exercitationem', 'Qui eos reiciendis dolore quo praesentium voluptas.', 'Dolores magnam totam saepe ut similique non. Est voluptates et aspernatur voluptatibus non voluptate in. Tempore ipsam veritatis ea enim similique.', '2022-07-29 19:57:48', 1);
INSERT INTO `message` (`id`, `email`, `name`, `subject`, `text`, `time`, `user_id`) VALUES (2, 'april40@example.org', 'fugiat', 'Eveniet dolor praesentium est tempora.', 'Est nemo eligendi distinctio omnis ratione. Et quas veritatis odio maxime corporis hic ad. Quo est aliquam quibusdam molestias voluptatum facilis est.', '2021-08-31 03:34:02', 2);
INSERT INTO `message` (`id`, `email`, `name`, `subject`, `text`, `time`, `user_id`) VALUES (3, 'sabina.lockman@example.org', 'voluptatem', 'Hic repellat voluptatibus tempora ab numquam.', 'Quod consequatur officia dolorum ut perferendis. Nihil aut necessitatibus accusamus et. Corporis dolorem omnis quae non.', '2019-06-01 16:31:40', 3);
INSERT INTO `message` (`id`, `email`, `name`, `subject`, `text`, `time`, `user_id`) VALUES (4, 'nquigley@example.com', 'dolorum', 'Accusantium voluptatem dicta voluptatem tempore odit numquam ut.', 'Dolor numquam est optio pariatur. Ipsam fugiat quia est ipsa. Dignissimos sit est asperiores.', '2020-12-14 05:05:36', 4);
INSERT INTO `message` (`id`, `email`, `name`, `subject`, `text`, `time`, `user_id`) VALUES (5, 'fwill@example.com', 'porro', 'Nulla maiores dicta esse dolores cumque aut ut voluptatem.', 'Eos maiores at est incidunt vitae cupiditate rerum. Et suscipit quos eligendi aut eius ea quod. Ad sint consectetur sunt animi ratione distinctio excepturi. Vel exercitationem rem iusto quis.', '2022-11-17 10:08:19', 5);
INSERT INTO `message` (`id`, `email`, `name`, `subject`, `text`, `time`, `user_id`) VALUES (6, 'king.emmett@example.com', 'est', 'Quasi voluptatem reprehenderit fugiat tempora eum ut.', 'Et ipsa tempore velit excepturi et. Et excepturi vel ut dolorem molestias non consequatur.', '2020-01-22 03:12:01', 6);
INSERT INTO `message` (`id`, `email`, `name`, `subject`, `text`, `time`, `user_id`) VALUES (7, 'halie.heller@example.org', 'et', 'Soluta id mollitia voluptatem qui et.', 'Voluptas sunt maiores tempora consequuntur. Facilis unde quia consequuntur qui est. Sunt rerum tempore sit occaecati accusamus molestiae sit. Velit dicta nobis nemo reprehenderit.', '2022-11-13 05:24:50', 7);
INSERT INTO `message` (`id`, `email`, `name`, `subject`, `text`, `time`, `user_id`) VALUES (8, 'veum.merritt@example.org', 'quaerat', 'Rerum eaque ut fugiat amet aperiam.', 'Qui voluptatem nesciunt non dolorem dolorem. Aperiam sapiente quae quaerat totam laudantium. Soluta quasi provident minima nulla sint placeat.', '2019-05-19 14:16:04', 8);
INSERT INTO `message` (`id`, `email`, `name`, `subject`, `text`, `time`, `user_id`) VALUES (9, 'alexa.bogisich@example.com', 'dolorem', 'Placeat repellat illo reiciendis totam nesciunt alias.', 'Rem illum temporibus voluptatem perspiciatis. Qui et aut magni omnis nemo. Ex architecto mollitia maiores autem ab labore.', '2022-10-18 17:47:49', 9);
INSERT INTO `message` (`id`, `email`, `name`, `subject`, `text`, `time`, `user_id`) VALUES (10, 'fannie18@example.net', 'explicabo', 'Aut dolor tempore rerum vitae iste dolores quidem.', 'Aut perspiciatis minima officia. Dolor et repellat tenetur nihil accusamus distinctio. Distinctio animi voluptatem officia magni pariatur nihil magni. Perferendis vel recusandae explicabo.', '2019-09-19 12:31:22', 10);
INSERT INTO `message` (`id`, `email`, `name`, `subject`, `text`, `time`, `user_id`) VALUES (11, 'raymundo.schmeler@example.org', 'vero', 'Qui neque est aut excepturi omnis in maiores.', 'Porro voluptas odit voluptatem esse aut quas. Itaque veritatis soluta consequatur voluptatem praesentium quasi sed. Dolores dolorem qui minus ut.', '2019-06-25 14:54:06', 11);
INSERT INTO `message` (`id`, `email`, `name`, `subject`, `text`, `time`, `user_id`) VALUES (12, 'freda.lehner@example.com', 'odio', 'Et aut sunt rerum et aut aut.', 'Sint iste fuga molestias amet. Vitae perferendis quasi debitis voluptatem ducimus quidem. Minima dolorum in voluptas aliquam quia repellat inventore.', '2019-05-26 17:37:37', 12);
INSERT INTO `message` (`id`, `email`, `name`, `subject`, `text`, `time`, `user_id`) VALUES (13, 'wunsch.macy@example.com', 'tempore', 'Impedit occaecati aspernatur eligendi inventore sunt.', 'Aspernatur nesciunt voluptas ut a occaecati est qui. Tenetur quidem accusamus iusto dicta quae blanditiis quibusdam.', '2018-11-26 14:34:48', 13);
INSERT INTO `message` (`id`, `email`, `name`, `subject`, `text`, `time`, `user_id`) VALUES (14, 'lorenza.thompson@example.net', 'quos', 'Expedita dignissimos vel commodi odio.', 'Dolorem voluptas omnis qui ipsum consequatur. Culpa est omnis doloremque ducimus. Consequatur sed sed adipisci molestiae cum autem nam neque.', '2023-01-10 19:04:07', 14);
INSERT INTO `message` (`id`, `email`, `name`, `subject`, `text`, `time`, `user_id`) VALUES (15, 'lizeth50@example.com', 'iure', 'Corporis animi reiciendis quaerat enim rerum eum aut.', 'Magni maiores excepturi aperiam nihil voluptate. Ad sed hic et quia omnis reprehenderit. Labore iure omnis omnis et.', '2019-03-15 11:38:49', 15);
INSERT INTO `message` (`id`, `email`, `name`, `subject`, `text`, `time`, `user_id`) VALUES (16, 'wiegand.pansy@example.org', 'nemo', 'Voluptatem enim suscipit amet voluptatum consectetur doloribus fugit.', 'Est provident sequi eius delectus consectetur et. Itaque quaerat aut eligendi porro cum et. Atque qui temporibus corporis beatae eveniet aspernatur.', '2020-11-07 12:15:53', 1);
INSERT INTO `message` (`id`, `email`, `name`, `subject`, `text`, `time`, `user_id`) VALUES (17, 'quincy85@example.net', 'debitis', 'Hic alias asperiores consequatur possimus et.', 'Eveniet quaerat pariatur molestiae excepturi nostrum quidem. Facilis ipsam dolorem corporis architecto et iste iste. Ab in sed facere facere repellendus.', '2022-07-07 20:08:04', 2);
INSERT INTO `message` (`id`, `email`, `name`, `subject`, `text`, `time`, `user_id`) VALUES (18, 'rusty31@example.net', 'rerum', 'Debitis maxime beatae occaecati est eaque excepturi.', 'Delectus quis suscipit eveniet asperiores adipisci. Est error doloribus neque placeat atque. Quia molestiae tempora sit sed. Eos minus exercitationem aliquam velit optio quaerat.', '2019-06-20 00:03:12', 3);
INSERT INTO `message` (`id`, `email`, `name`, `subject`, `text`, `time`, `user_id`) VALUES (19, 'ullrich.ottilie@example.net', 'beatae', 'Eligendi hic dolorem non perferendis.', 'Ea officia et natus. Et aut earum nihil voluptates. Accusantium delectus nihil exercitationem culpa. Perferendis et modi dolorem et quos laboriosam nisi. Corrupti facere sunt rem quo.', '2021-10-19 14:58:58', 4);
INSERT INTO `message` (`id`, `email`, `name`, `subject`, `text`, `time`, `user_id`) VALUES (20, 'ana.ratke@example.net', 'quia', 'Eius reiciendis explicabo repellat delectus doloremque et autem.', 'Temporibus ut aut quis consequuntur et distinctio aut. Eum placeat tenetur quia excepturi. Quas amet quisquam voluptas quo. Quae quos et nam deserunt voluptatem provident maiores facilis.', '2021-01-08 10:32:10', 5);
INSERT INTO `message` (`id`, `email`, `name`, `subject`, `text`, `time`, `user_id`) VALUES (21, 'titus.bayer@example.org', 'facilis', 'Nesciunt dolores optio voluptatibus quia mollitia iure natus.', 'Velit cupiditate vel occaecati alias fugit maiores cumque. Incidunt accusamus id ut ad pariatur quam veniam omnis.', '2022-11-04 10:34:53', 6);
INSERT INTO `message` (`id`, `email`, `name`, `subject`, `text`, `time`, `user_id`) VALUES (22, 'tre.dach@example.net', 'vero', 'Aut repudiandae hic quidem dolor.', 'Nobis omnis dolor pariatur laboriosam dolorem. Cumque sapiente perferendis est esse. Odit eius quas voluptas repellat.', '2023-06-18 02:10:08', 7);
INSERT INTO `message` (`id`, `email`, `name`, `subject`, `text`, `time`, `user_id`) VALUES (23, 'brandon82@example.net', 'excepturi', 'Vitae quas et voluptas velit.', 'Velit repellendus impedit veritatis voluptate et et excepturi dicta. Id doloribus quia perferendis ut necessitatibus non.', '2018-11-19 09:04:34', 8);
INSERT INTO `message` (`id`, `email`, `name`, `subject`, `text`, `time`, `user_id`) VALUES (24, 'lpollich@example.org', 'fugit', 'Sit est quo et dolorem aut in labore.', 'Omnis incidunt consequatur ipsam quia aut molestiae repellat quia. Rerum aperiam voluptatem beatae ullam molestias consequuntur odio. Dolores mollitia architecto tenetur minus doloremque.', '2020-05-19 11:00:23', 9);
INSERT INTO `message` (`id`, `email`, `name`, `subject`, `text`, `time`, `user_id`) VALUES (25, 'hailee.crooks@example.org', 'officia', 'Rerum sapiente ratione error.', 'In et sed error facilis beatae. Nesciunt officia vero ea quisquam modi. Veritatis ut facere ullam sed odit ipsam. Quaerat aliquid velit voluptas expedita voluptatem deserunt laborum.', '2019-11-04 06:15:16', 10);
INSERT INTO `message` (`id`, `email`, `name`, `subject`, `text`, `time`, `user_id`) VALUES (26, 'dayna42@example.org', 'accusamus', 'Ad eum ipsam distinctio itaque.', 'Odit optio blanditiis reprehenderit doloremque. Vel est quisquam unde. Sint quos eligendi mollitia fugit maiores incidunt ex ratione. Officia commodi ipsa ab dolorem tenetur et numquam.', '2019-11-13 21:22:01', 11);
INSERT INTO `message` (`id`, `email`, `name`, `subject`, `text`, `time`, `user_id`) VALUES (27, 'juliana57@example.org', 'maiores', 'Rerum debitis ipsam cupiditate consequatur natus.', 'Porro veniam voluptatem sequi impedit nesciunt consequuntur eaque. Cupiditate quae nihil totam odio error. Quis nemo sint ut est.', '2020-10-30 08:02:46', 12);
INSERT INTO `message` (`id`, `email`, `name`, `subject`, `text`, `time`, `user_id`) VALUES (28, 'ebotsford@example.net', 'et', 'Dignissimos qui adipisci sed nisi.', 'Nisi tempore et et numquam placeat. Provident aliquid amet consequatur sit fugit non corporis.', '2019-10-08 10:03:06', 13);
INSERT INTO `message` (`id`, `email`, `name`, `subject`, `text`, `time`, `user_id`) VALUES (29, 'frank.bashirian@example.net', 'et', 'Corrupti aliquam magni repudiandae illo omnis.', 'In et voluptates consequuntur sequi. Omnis adipisci laboriosam voluptatum. Tempore inventore quia possimus est corrupti dolores dolor veritatis.', '2021-08-31 16:46:13', 14);
INSERT INTO `message` (`id`, `email`, `name`, `subject`, `text`, `time`, `user_id`) VALUES (30, 'jeramy.littel@example.com', 'quo', 'Qui et qui ad dolores numquam quis expedita.', 'Sed est commodi temporibus totam. Qui accusantium rerum aut minima. Qui perferendis ipsam dolorem magnam dignissimos. Molestiae quae ex eligendi aut temporibus.', '2020-07-27 07:15:57', 15);


#
# TABLE STRUCTURE FOR: user_contact
#


INSERT INTO `user_contact` (`id`, `approved`, `code`, `code_time`, `code_trails`, `contact`, `type`, `user_id`) VALUES (1, 32767, '04150', '2002-06-12 11:36:18', 0, '08005066343', 0, 1);
INSERT INTO `user_contact` (`id`, `approved`, `code`, `code_time`, `code_trails`, `contact`, `type`, `user_id`) VALUES (2, 32767, '44177', '1998-11-03 21:27:25', 0, '169.153.2091', 0, 2);
INSERT INTO `user_contact` (`id`, `approved`, `code`, `code_time`, `code_trails`, `contact`, `type`, `user_id`) VALUES (3, 32767, '15911', '2011-05-10 05:57:27', 0, '1-539-844-9651', 0, 3);
INSERT INTO `user_contact` (`id`, `approved`, `code`, `code_time`, `code_trails`, `contact`, `type`, `user_id`) VALUES (4, 32767, '12817', '1982-03-08 15:06:04', 0, '(023)257-4208', 0, 4);
INSERT INTO `user_contact` (`id`, `approved`, `code`, `code_time`, `code_trails`, `contact`, `type`, `user_id`) VALUES (5, 32767, '26799-3354', '1973-08-09 11:19:27', 0, '818.519.5109x7466', 0, 5);
INSERT INTO `user_contact` (`id`, `approved`, `code`, `code_time`, `code_trails`, `contact`, `type`, `user_id`) VALUES (6, 32767, '05473', '2020-10-10 06:49:13', 0, '148-655-7938x792', 0, 6);
INSERT INTO `user_contact` (`id`, `approved`, `code`, `code_time`, `code_trails`, `contact`, `type`, `user_id`) VALUES (7, 32767, '97651', '1975-05-18 23:05:10', 0, '367-793-7398x6275', 0, 7);
INSERT INTO `user_contact` (`id`, `approved`, `code`, `code_time`, `code_trails`, `contact`, `type`, `user_id`) VALUES (8, 32767, '48078', '1994-05-26 11:37:27', 0, '026.241.6190x43860', 0, 8);
INSERT INTO `user_contact` (`id`, `approved`, `code`, `code_time`, `code_trails`, `contact`, `type`, `user_id`) VALUES (9, 32767, '91705', '2005-08-29 05:12:23', 0, '543.964.7100', 0, 9);
INSERT INTO `user_contact` (`id`, `approved`, `code`, `code_time`, `code_trails`, `contact`, `type`, `user_id`) VALUES (10, 32767, '53879', '1996-08-06 09:27:14', 0, '(626)475-0189x2229', 0, 10);
INSERT INTO `user_contact` (`id`, `approved`, `code`, `code_time`, `code_trails`, `contact`, `type`, `user_id`) VALUES (11, 32767, '99621', '1999-04-08 18:43:27', 0, '042.625.6658', 0, 11);
INSERT INTO `user_contact` (`id`, `approved`, `code`, `code_time`, `code_trails`, `contact`, `type`, `user_id`) VALUES (12, 32767, '08538-1251', '1989-03-05 01:05:18', 0, '(801)061-9348x2677', 0, 12);
INSERT INTO `user_contact` (`id`, `approved`, `code`, `code_time`, `code_trails`, `contact`, `type`, `user_id`) VALUES (13, 32767, '33655-0844', '1994-02-07 08:04:16', 0, '(793)170-8620x07614', 0, 13);
INSERT INTO `user_contact` (`id`, `approved`, `code`, `code_time`, `code_trails`, `contact`, `type`, `user_id`) VALUES (14, 32767, '57548', '2005-07-06 03:41:16', 0, '998.517.1273x42923', 0, 14);
INSERT INTO `user_contact` (`id`, `approved`, `code`, `code_time`, `code_trails`, `contact`, `type`, `user_id`) VALUES (15, 32767, '26000-4560', '1983-11-26 01:09:02', 0, '1-617-817-6827x074', 0, 15);


